-- MariaDB dump 10.19  Distrib 10.5.9-MariaDB, for Win64 (AMD64)
--
-- Host: k4c103.p.ssafy.io    Database: green
-- ------------------------------------------------------
-- Server version	10.5.9-MariaDB-1:10.5.9+maria~focal

/*!40101 SET @OLD_CHARACTER_SET_CLIENT=@@CHARACTER_SET_CLIENT */;
/*!40101 SET @OLD_CHARACTER_SET_RESULTS=@@CHARACTER_SET_RESULTS */;
/*!40101 SET @OLD_COLLATION_CONNECTION=@@COLLATION_CONNECTION */;
/*!40101 SET NAMES utf8 */;
/*!40103 SET @OLD_TIME_ZONE=@@TIME_ZONE */;
/*!40103 SET TIME_ZONE='+00:00' */;
/*!40014 SET @OLD_UNIQUE_CHECKS=@@UNIQUE_CHECKS, UNIQUE_CHECKS=0 */;
/*!40014 SET @OLD_FOREIGN_KEY_CHECKS=@@FOREIGN_KEY_CHECKS, FOREIGN_KEY_CHECKS=0 */;
/*!40101 SET @OLD_SQL_MODE=@@SQL_MODE, SQL_MODE='NO_AUTO_VALUE_ON_ZERO' */;
/*!40111 SET @OLD_SQL_NOTES=@@SQL_NOTES, SQL_NOTES=0 */;

--
-- Table structure for table `device_token`
--

DROP TABLE IF EXISTS `device_token`;
/*!40101 SET @saved_cs_client     = @@character_set_client */;
/*!40101 SET character_set_client = utf8 */;
CREATE TABLE `device_token` (
  `token_id` bigint(20) NOT NULL AUTO_INCREMENT,
  `uid` bigint(20) NOT NULL,
  `token` varchar(255) DEFAULT NULL,
  PRIMARY KEY (`token_id`),
  KEY `fk_Token_User1` (`uid`),
  CONSTRAINT `fk_Token_User1` FOREIGN KEY (`uid`) REFERENCES `user` (`uid`) ON DELETE NO ACTION ON UPDATE NO ACTION
) ENGINE=InnoDB AUTO_INCREMENT=151 DEFAULT CHARSET=utf8mb4;
/*!40101 SET character_set_client = @saved_cs_client */;

--
-- Dumping data for table `device_token`
--

LOCK TABLES `device_token` WRITE;
/*!40000 ALTER TABLE `device_token` DISABLE KEYS */;
INSERT INTO `device_token` VALUES (4,1,'cL43Pb1ORVK03VfPJ97eTk:APA91bF1IFJpLVOAdUcOG0UJmDnPJcLbu2eVBwkzQsm3cZcxpvBUw9NguNre00SJP8v5i7-t6Cnnkw6LcLUxeToe_9GFFlCyFZm11d0YKUULv4xG62Yx9DDdL4JKynSLS01pUoU4EGQ1'),(14,2,'cLbtKxsNRgebiDiukEWC9R:APA91bH4xgICcyslYHVubH8MzF3eYSMzMDcGkX4AdLNKzOep7UznukCO4m1eY8zLOHfqL6kbljAOZ-xP1DRt75oMzS7EmUJTkxUFxeqW38ONIulGprxC9kIA8mV9xgkhK26Vv1MzAgm8'),(15,2,'fb576viZRTG6SXyvlu81_O:APA91bG07PBfFCCyIn5o1CFoA1yW6ShqZ__YKTt4Y5Ll3XIlX-hdInaAaRQF7PV-36T3jyxDcHB8-GnUT8HTwUB1FCt07XZo1OMPDpW_vs3CbUislHyc0iWpoXKpIN46dmQNckCCpNwX'),(17,8,'f2Ut7eKpSZyHvj6PtDL7OQ:APA91bFgoGsQlHNiQ6xdmywO9iSIWJv6zIDiVb5gPzerjbQsn02rm14Bwqsolwbk-8ks0uhtVIp6iWVpD1bxACcJLlbCU26Ujbs5OMNC3-baPK7DzKbZl7Yy6k_XAEjdUEF55Ynyd2-t'),(18,8,'dXSAAq87R4muDDcoOO6GEx:APA91bGYW-OOAzxThzJu1viqfzvOrOBAf7CjegZdZGpM-eUfddvNtgp_5pnJ-71VvodPl9tqwpqVp3vAUsSiLQhAcMHQbQm5mrVgL8UO7KaYP2c15lrC5fpc-tcxLoQbg_tk_Sthotxk'),(19,9,'dbVn9tp2S3ClCp89lsfeuX:APA91bHLPepjijVcGl3NrSRwwJ4jmtpp82EO9qwI2t4rn07T0lMSF4WVen-BipUOO2ZVNFen5ZWpvLl-Btm_h9oy_xq8hH89ZfBC0drbG79qs90tMSYgW2oP2-R9s4cqhTFhli3kZeC-'),(20,8,'ejJnCIXVQ1e-cnOfdpp-kY:APA91bEIk2vmVOGEoykiQJGVzFYea00iZjYWSyrI4TA0wsBj7o_2LvO-GDdTq3PqFQAlasY0koE-dCtEJeMibiK3Bkxv6ZZ2ISxYpEfHn-pSiyf_-F8rmTBXkHwUEto-5dmqvYMvsDl4'),(21,8,'caZFimrDST6YCpSHd89YzR:APA91bEzkt7hws24NQTbVNXJt5f3sH1nYIosvU3tuOlh5twb6HMmTt8uSmUmbh3OyZtp5SERoWL4P9Q2S7DOfgnhDAynntb9q5h7e9JAl3gdf-iog93jhe8XnukoI8NmmSTWguvPe3f9'),(22,8,'corimIvsTJ24jN9O-KSN7G:APA91bGHNB1iZzhAc_0t3pfM9HHKnmet4aWrhzgcDP1DlHLQj0ULhB-u46WpIF62cmz3otiraFctBJHdqBNEB1IDZplpz3HTbM4Su6K19ydrQhvjuuoWegpT9hRUJk3_iHlrmZizH6-E'),(23,8,'eDCcVmk1S-aN033DYc8ZLL:APA91bG5VR8hjA1ChZSlWYRsCsIHVlxEpICqUh7HNzIDzoDyVE2hOnoIze8ST9uKyKuxz0k5bZ2EPd26GYzrRA0N1JblkNZnVVxXbwUhkatBEvVmKmweEAZsKgMD3fflCQsbgI7dQPFD'),(24,8,'fS2xutQDR3O33_aGT03MK8:APA91bHG0U0qP_BhAkl7SkaMY6zOiGhiARQYTgmR1i79fKIeDgSyK-KeSe15PuJH1Q9wQvngeWSsGFYQMOw_e1RWNk4xyjeYqXNW-4tMBfv94eHh32bRfjsJVB_Nthc6Elq0K574N5-d'),(25,8,'fq6OMqx0RL2UwOI5FbYTqV:APA91bH5jQHOja-NbLOEh_U9J28XjY32EBa4r6gTUTCHvUf4Cfsui_urXjj3em5d0Tkn0UM5RRRrjfN08rrNcS77juC3mvxz9xRY6FG6O8Y8nSLePJg-CxFfH7PnFsnRJsRC0szEoSEa'),(26,8,'fUntouhcSc239Wh30ki2Yl:APA91bGc7G5kfG1pqp9vNC7RZ5o_AqV1tU8cH8eG1F7Xd4jv-Nk6bpaAN1IN2APgHO1yCUUrm_ayxZIfokzjOJTJWgJ9eqB80xno6MoQdzohYanu8sDczIRG83o2aFEenk9kBYOdKsO0'),(27,8,'cmf5VL1BSAKqWib7mH8Jmc:APA91bHaG7c6yj8mF-IUOKR_YETJX5DmHWsBLmYgi-MYDMxUklh4vkGOdq7CialPZmYnttwiYYlBH9c3Zf-CNAYJDm0b_RnfR068sR3YjivH8ArJwwiKKPb9SlPcZqMg3EnVcD2BsanF'),(28,2,'eRFmgdu5Tq-b-jMRldspUF:APA91bHraGbyhmXYhj1BzDh5sRfIeE7qjFO-7hvyYvelWslM6ic3jCDH_qTIays7MW7llUI14vuaw009grm9vmiUyNCDkfS-lMHqHcxbgt6sNKiaAfMuEU7sxuEjl_hGtUl6AKzHrchh'),(29,8,'fP46qyiJTMmAPs1ZsQtnnH:APA91bFL5cfrbqw_o5kSxg1Dv0l4QlT-u9OZ6gpw5qH56E5tn2gnCbtUKxtekpaavTr9UFsD5JFJSNUQbgdVmM-Hk4xvedY7udKSAnXOphWpvf5oBGg48HV5FZaHgEStLXGo1rBtW6Ae'),(30,2,'cRkUxHGhT2WRRgh9nRcZLl:APA91bGTUoVxnCWQcarulz7f_C6cw4uH4SOOW77kNREf6fF7sjZ2AQZk8WPp5emxBvCszs6tjlZWXEeL6NDLHS98d1zgmHyUPXAwR2X5yWiYuOnKOqE-z0MBCnxaoOvzkwisRo90m4UG'),(32,2,'d5cr-o7QTpS14B5pE2EmOW:APA91bEmqlsr7pU9vNCe1xilUaMY1F2WcRh7gWj-RmQPnKeHAZKF54JVqISyWD27yKqMKG0dBgmpVuZDHCKxwUGu0F6tKIeAjsHT0NWHdtgOg83f4V7CUY-rwrE4lkC3ZqEHbUswMOSc'),(33,2,'eI5HshKJTaKycOpNdDQv5_:APA91bEpxNuwSiL-ng9I4Kjz6XU_LZV3HP30-HXA1T1dgZJCXTrQqgVyofow46Tvjtg2DONNZq4yLD7k9PAheQej4rEO90Ov2yT1QRrKX2urVGprLZPWG4I120xCsKLd0eySCcB3Cwvq'),(34,2,'e8jVpdLOTkiMQz6BvsfYsU:APA91bFJmlgU5le01_WsvS2B4RYSfyZg7I8pZ5eUDqRG75wqfCII6AQYRmJeQyDKP1FkxaiVkXFBfoxm1NIDea8BkWFIqv55uldFzuxTcq29BCWnbpXW6WH-nJvw0Qj_5tIZDJ1AN7dz'),(35,2,'dxBM4TSFSsWYoT7zS2CGTM:APA91bE3epbuWgp44z08TNaOymKuDHdkLYh6DQyCpOnTW20obu2qfT7jjdOYOgP3m1-EGloqL2M_XnW3-UePxjMAWyA0DZPf1alzHNLc5QCjBIbK3zIfd5FSinjjf7dRgjAEi74LOeLw'),(36,1,'fULPkYV0TIy3u-Eqej8GiQ:APA91bE5nr9AttbccVTbh2lMzq4BCWfpZKm7E9upFjLT_4WBfGY61xjsPvXgA0sevw76B9FMgRgfCAYh1NmKqjhh8aQhNuqQWcNHffU1ZWATwSs2nNmrU9DqZzxCLkUtQKCIkbrPPmtw'),(37,1,'cJaI6fbrTDmXffzLlKj686:APA91bHovkHLHzO-hvNBVC6KcDliPv0SgooagwLdGKzs3oC_DzoIdreW66_2nnSlIvppujtTd69JRtqwLNQGb-09a1cLQdlruLQxm6EfucYr-aRu8kJce5WdvgZgnG5rzlcHhbZ19tB9'),(38,1,'fmiqjA2BTk6dpddQ7a5e4S:APA91bFVCjIou9rcvtmfAUA510uSVLUDQ3PsWDtzIN-qZpnHHhISFN3B24aFgg6d25m3AbWgpAwK9oanEOsW_8-3W0exLjsglMRhOer__0At0nAEt6s_YQut3h1Gk-1In7DkCvJJ07l-'),(41,2,'fOHcMbaPRFqpb23WuxGRQ9:APA91bG6BTCNpLS0W9ZWKgOptfmv8aDYraeheKqVNF8OqEhed_e44_cuBqbWIC9Y6vmU72iCsHqNcFGJ7mF5Qebzt6--WUqJI2msRAvXRvtSP7pwMpTcS4I63LRHoOg2PyrHK2wos_Wt'),(43,5,'ep9QfvLNSriJweCskRJkH7:APA91bHvxk86_OQZ7oZAZN26LkX9UuvOAeTV0PEMh9wA2tDtvMH762u0JUFKGQMckpRIoaGl2NijBOoCAeCPFZAFMNJMPrB0d1VwVTbCkqZAekDuycWpdKM-tNu5jtAbu4h9Lc7L7_dT'),(49,15,'f-E0NPrJQA2hr8U263URuf:APA91bGycnHE1RSqcs69O1KKfzYpofZeZd41VcJGXP-3o1PVoFXwZ5uyvKJ1OruZ2ZmaxITqwTTnf1cge3YocR1uhui3gqDy6J-nB3jX1e3TlXDTD4mCAfZ_Or7TOItMY9LayHqgVl8L'),(50,17,'f-E0NPrJQA2hr8U263URuf:APA91bGycnHE1RSqcs69O1KKfzYpofZeZd41VcJGXP-3o1PVoFXwZ5uyvKJ1OruZ2ZmaxITqwTTnf1cge3YocR1uhui3gqDy6J-nB3jX1e3TlXDTD4mCAfZ_Or7TOItMY9LayHqgVl8L'),(51,18,'f-E0NPrJQA2hr8U263URuf:APA91bGycnHE1RSqcs69O1KKfzYpofZeZd41VcJGXP-3o1PVoFXwZ5uyvKJ1OruZ2ZmaxITqwTTnf1cge3YocR1uhui3gqDy6J-nB3jX1e3TlXDTD4mCAfZ_Or7TOItMY9LayHqgVl8L'),(54,1,'f-E0NPrJQA2hr8U263URuf:APA91bGycnHE1RSqcs69O1KKfzYpofZeZd41VcJGXP-3o1PVoFXwZ5uyvKJ1OruZ2ZmaxITqwTTnf1cge3YocR1uhui3gqDy6J-nB3jX1e3TlXDTD4mCAfZ_Or7TOItMY9LayHqgVl8L'),(55,1,'d1jAg59tSVqMT-nf9lW-UD:APA91bFq9yyy-PjGI1agole4N23s8yK88YKeOqCTmYdDontWcQsvYcmdcWRlkuJ3PeOMN6Ql9iHIZ68r9i5SYS251JsljgDi4LmVsucNL3TMpmZMBtjISrJ22eJ9j-Y8zZcpM4cp-nXU'),(56,1,'eY2phsYjSSmji_EYqu-vKi:APA91bHHKVvzB9bB0y5ckTm0DYrY3abECbOj87dpI8oCX2Ui5dE4YDAHhZch2khtn3zdJIkBSsfFQ8z4uAGH1C5rr8HAnok1V7Djc4qhRvOIvZA4id3cBjgm_9vw-3y3xcLfGzKcdNce'),(58,1,'fmKodOmPRdqz-OgM0Jomsh:APA91bHy3Ag5jf7wwV7xXUzHoA8Y8YfmINpnoOlf75JFgUY8wo5IJSfuw3CMLC5A049oHkTSvxjo2lrRLIY47Fl-6SeiHdAPH0Yo2gLRy9AiEN97XDABZ61u3groOKm8gwgnMZ6tiBT5'),(59,2,'cuoNjLomTNyT8xdlEFCrpv:APA91bH00SowFES7IITVPb2pXYkGtwLDH5SBeA6vvAwO80stKkpAUJ9HVEw6Ae2gBn59npJ1O5t0lCymH2_GJOGDZ9AEBlQaNNa0Cc8CL_cRHn5jdocpP0F1ylrnG3t7Ac5yLiNLy82r'),(60,2,'d4JMJVOASyCR7HYgCvbHoS:APA91bHWrjtU7FTiky7yLOiMZ6buQuNia0hp3N4WmGv3ydmk_FNpCXX_Z-gNu7-gYhd78NFU9nbVfn6bmIWigO1XcchDsdi_Bp1zGdpa3TnKQntZ7fZRJ_aYhy-eVO3vv74AoNxbNm7v'),(61,2,'cgJnAVrVTUmq-rSPJJnhJI:APA91bENHdkq57kxWs0THQh7Ld09M9Wy_1GjjcRlwRk7hVrUaRY3wnciKGY4hBcW2Is67Uq2GbVANuUBch4O8mZL4-CFE9NaulX6sVERo02g5ImABRHpDMjjPgq_zGjboeNJF8IiV3fo'),(64,21,'cxq5YxX-QOaPzG8-6RDKd0:APA91bG-Hx_ZlyFm095I0VfLQHokLgaMNTkmRr2UjeMJByr-fqEJLQuaVmjETIMgVQnAaY179kdzYh0Ms-CvHID6ApWansOz7Y1MKOs3PUIkVYvp0mU3r7tQTP7RHY_KjYYhBwIzxiGE'),(129,1,'cxq5YxX-QOaPzG8-6RDKd0:APA91bG-Hx_ZlyFm095I0VfLQHokLgaMNTkmRr2UjeMJByr-fqEJLQuaVmjETIMgVQnAaY179kdzYh0Ms-CvHID6ApWansOz7Y1MKOs3PUIkVYvp0mU3r7tQTP7RHY_KjYYhBwIzxiGE'),(130,2,'dNF8PPJyRo2N9g9fTfJCJ-:APA91bE9bHigVOBZVJ7v9DMaJUuv5Ym_hqGeBhvuhLNYhB8iovUslgMRgp8pEd0RqozcLj6SYs2lAL5d8_ejet-BIvKqhwR1M1L96lvscSpb8O3gH6Rbp3By1oTbO2mQ_sMBdyyZWz5L'),(133,4,'eF88zB44RnSQUnM3s-8VOC:APA91bGLUKmSQktflSBOVMBe0svhbfA1H5Tm6zTv_PxvR9FF2Z8NCYgS-hCisFRCRemvBlREulhBC7wIWqnr1MTrtVooE3ynyojnKYUsSDbJIPsODntDSn60_SRNwfTkC9k4M6aDcaUx'),(136,23,'c7GWUgqnQh-QrqXURKm8zA:APA91bEbAMZ2qmUe91utyNLAVoN0kJKf7qf6C31lzAAYhYv9EKuxekQyfcCwIpONQUMbCS2h7Xwde8GGG1Ofm9hJSuYOCRhcFo0fCNbDBbONZNju760B20Lotc7Mq-6YbFhU-26TdVdP'),(137,1,'eF88zB44RnSQUnM3s-8VOC:APA91bGLUKmSQktflSBOVMBe0svhbfA1H5Tm6zTv_PxvR9FF2Z8NCYgS-hCisFRCRemvBlREulhBC7wIWqnr1MTrtVooE3ynyojnKYUsSDbJIPsODntDSn60_SRNwfTkC9k4M6aDcaUx'),(138,2,'d8snGud6T2SISbI94wNymq:APA91bGxIlMvTUPsE3RHL1tvNDCSLP47dNrLQpnFU0Qmo1D-Iw-bGvcozId1tTgYSWsa6wp0nY6yeqjf7JOioG9vXlh0NjDDl2PirOlH1ayP8kxXmpE8yJCITSHXQyt02nFc_gc4oPW6'),(139,2,'cGSkfc1NS064jv_Jj03JFL:APA91bF22VRY9Pno4CTXdj3IgUAaGrATj3prTs_Xsi3VBmqLBEroC2L1VRqQqQVf4oBrBtPkof631xt_v55EOM3qjyyS6Rg8GZGK1D2tY204O8D3M6fizlQRsUhxl1ArPfzkTIOgkMZW'),(140,2,'ectMWsDcS2uj0I1BnduBBu:APA91bGMvufCQJvlDpP1koo00x2bJe2y-7bmTk_zLl4erCHx3EtSU0mxo_BxR2brTuxQBUkzcAkkv9f3r2VMYZNU_lbCC4STYvKZCl9szr0pZ6RHCaHl_mkqpNLibOVfWLr1ZTomIp48'),(141,2,'e-vjIDukSzi4xWzVNrEFU_:APA91bGPDtKx5U64vzt-UR65ziE2QXH3MYLI8K4bkWuxm6TCy6KTH6uHLt0DeNLcGtgekdeUBJiLDnFXCXDF6eIP-BTR2D0i-Kkdtd5T-Zd6wgKMyyorR3hgdKkRKe3dJ91-jp6VxzD0'),(142,1,'fFboI-K5RpOQxzqgt0pKuD:APA91bEuWeCesUJqlENCKbWrFUHlcpdtOyUjGoCiCnHDRK8ymSo49pwjNQafqXzFDjfbodKyb3LhWQq8PFtilvappLSUJ79iZOF2FOHHyD9DYxburQrV4e22n7AmF9_QMI9eAICTf3XN'),(143,2,'cKgk_GqLTVOVOnLPlsep8K:APA91bEGv6EC001l-A3lm0UXan9T0DPDcUaB49lx3GNcLhPI6n8HXamjnpTqhb1eJwPBw0a3veCMOlEbI7sd5q0Y2dDHFAjmvfIyKHSVxZ4BZ9sBQaMgz2qkC2Ydy_1MdB3f3CJGOqvV'),(144,6,'cGDBt-TIS8yg1YmNBVGAo-:APA91bHJtdSvJ-dHRkFY61J5BlmUm6iCgW9OuVDWPmAsEpRtBAOsonhbeMwAABb6QKK4b5TuthNopoi0q7jFz7HSaYBU7xTy4ZtjpmFOA_leo9txgR_RPFJe0aa1uN3RunOC86AU9Liv'),(145,6,'dTIR-6lPTz6p3v67Cog7MM:APA91bG5IFmBbBd70HSjlPuo3LMQyoaBqqANlqauNzQORNgjkZiz7SNZ2E-ESSjGkbSJGCt5ssJdLIopKGTIPDFFksRJtbY6_1XBxI0wE193y9uNVLaipgt0SL0RweoEwmU6a2pEPfQC'),(146,28,'c8bG0S-1Q5KLLqO8k84-Lq:APA91bFDUzJjnMNJQso0p7LMlBy82at-bspdvyiZ1sE5Qa5mqZwfamb-pteJaepjvO2fewuscXwoZUvELdMbT7G4-wbYW3HGGHjRlB5G_aw5peWFjd0cjHiGS4tiFT3yK5MyJa5LAYGz'),(147,2,'c5IKagXqRB6wFA9mn4K73B:APA91bE3AEJlcCYi5RWv-Vm70U1lXYFHQnELjqAGWw2BIRXpGAFvo0JIsaGRUYFrusTWoGdZ0gHmJc2e2dTaZr5GuaYFU2V7LOzeFIj_Ok6j0Bzbc_0VKPD6MO_SUD-b4P7eTvDj18KD'),(148,29,'c8bG0S-1Q5KLLqO8k84-Lq:APA91bFDUzJjnMNJQso0p7LMlBy82at-bspdvyiZ1sE5Qa5mqZwfamb-pteJaepjvO2fewuscXwoZUvELdMbT7G4-wbYW3HGGHjRlB5G_aw5peWFjd0cjHiGS4tiFT3yK5MyJa5LAYGz'),(149,30,'cI12vozDQretEu3Gv1ENXs:APA91bGese_mmr15mrO5tcPRF27RsCPJ3PLGOW3j8OI0Ig1MXZV7nJNy0WGgQ9cHmopqYAItcS2_zEaf2oLWPuKjLKz-8Vi28IYnkGiSQ1FFKFv3h_1PXnI5KQeeA-f9oZtXTgQT4AID'),(150,1,'eGoYUX1fSmCcYgvzP12vib:APA91bFwEUSgAzFukx7f8zBKGoBJmIc1LNO9JEaAlDBQT6F0P6COHZJalj6gIO39VywmtQbd6EZ1jV7I3WZbdcUktB4-wpuRpjNGSaRUSQLjmjUM2SFMhpZdRVwSsGeRjLkewgIT6PRf');
/*!40000 ALTER TABLE `device_token` ENABLE KEYS */;
UNLOCK TABLES;

--
-- Table structure for table `diary`
--

DROP TABLE IF EXISTS `diary`;
/*!40101 SET @saved_cs_client     = @@character_set_client */;
/*!40101 SET character_set_client = utf8 */;
CREATE TABLE `diary` (
  `diary_id` bigint(20) NOT NULL AUTO_INCREMENT,
  `uid` bigint(20) NOT NULL,
  `pid` bigint(20) NOT NULL,
  `title` varchar(50) DEFAULT NULL,
  `content` text DEFAULT NULL,
  `created_date` datetime DEFAULT NULL,
  `flag` tinyint(4) DEFAULT 1,
  PRIMARY KEY (`diary_id`),
  KEY `fk_Diary_User1` (`uid`),
  KEY `fk_Diary_PlantCare1` (`pid`),
  CONSTRAINT `fk_Diary_PlantCare1` FOREIGN KEY (`pid`) REFERENCES `plant_care` (`id`) ON DELETE NO ACTION ON UPDATE NO ACTION,
  CONSTRAINT `fk_Diary_User1` FOREIGN KEY (`uid`) REFERENCES `user` (`uid`) ON DELETE NO ACTION ON UPDATE NO ACTION
) ENGINE=InnoDB AUTO_INCREMENT=16 DEFAULT CHARSET=utf8mb4;
/*!40101 SET character_set_client = @saved_cs_client */;

--
-- Dumping data for table `diary`
--

LOCK TABLES `diary` WRITE;
/*!40000 ALTER TABLE `diary` DISABLE KEYS */;
INSERT INTO `diary` VALUES (1,2,5,'새순 나옴!','새순이 올라오고 있다!','2021-05-02 00:53:39',1),(2,2,2,'비료','오늘 비료를 줬다~','2021-05-02 00:54:36',1),(3,2,1,'오늘 율마 기록:)','오늘의 율마 찰칵~!','2021-05-03 02:35:27',0),(4,2,1,'오늘의 율마','오늘 율마 사진 찰칵!','2021-05-02 02:39:31',1),(5,2,1,'가지치기 전 율마','가지치기 전 모습을 찍어봤당','2021-04-06 02:41:26',1),(6,2,7,'율마 가지치기 해줬다','가지치기 전/후 사진 업로드~','2021-05-02 09:47:42',0),(7,2,7,'율마 가지치기','율마 가지치기 전/후 사진~','2021-05-05 09:50:45',1),(8,2,7,'율마 가지치기2','율마 가지치기~','2021-05-05 09:51:50',1),(9,2,7,'율마율마','사진모음','2021-05-05 10:07:41',1),(10,2,7,'율마모움','550','2021-05-05 10:10:37',1),(11,2,7,'테스트','테스트','2021-05-05 10:16:08',0),(12,2,7,'테스트','테스트','2021-05-05 10:17:46',0),(13,2,1,'오늘ㅇ 일기','일기','2021-05-05 11:22:11',1),(14,2,12,'율마일기','율마일기 사진포함','2021-05-03 11:30:05',1),(15,2,1,'율','마','2021-05-06 12:06:16',1);
/*!40000 ALTER TABLE `diary` ENABLE KEYS */;
UNLOCK TABLES;

--
-- Table structure for table `diary_image`
--

DROP TABLE IF EXISTS `diary_image`;
/*!40101 SET @saved_cs_client     = @@character_set_client */;
/*!40101 SET character_set_client = utf8 */;
CREATE TABLE `diary_image` (
  `diary_image_id` bigint(20) NOT NULL AUTO_INCREMENT,
  `diary_id` bigint(20) NOT NULL,
  `img_url` varchar(255) DEFAULT NULL,
  PRIMARY KEY (`diary_image_id`),
  KEY `fk_DImage_Diary1` (`diary_id`),
  CONSTRAINT `fk_DImage_Diary1` FOREIGN KEY (`diary_id`) REFERENCES `diary` (`diary_id`) ON DELETE NO ACTION ON UPDATE NO ACTION
) ENGINE=InnoDB AUTO_INCREMENT=47 DEFAULT CHARSET=utf8mb4;
/*!40101 SET character_set_client = @saved_cs_client */;

--
-- Dumping data for table `diary_image`
--

LOCK TABLES `diary_image` WRITE;
/*!40000 ALTER TABLE `diary_image` DISABLE KEYS */;
INSERT INTO `diary_image` VALUES (1,1,'https://ssafybucket.s3.ap-northeast-2.amazonaws.com/image051ebc14320210520005338.jpg'),(2,1,'https://ssafybucket.s3.ap-northeast-2.amazonaws.com/image137f617e420210520005338.jpg'),(3,1,'https://ssafybucket.s3.ap-northeast-2.amazonaws.com/image2b340901a20210520005339.jpg'),(4,2,'https://ssafybucket.s3.ap-northeast-2.amazonaws.com/image07c78773820210520005435.jpg'),(6,4,'https://ssafybucket.s3.ap-northeast-2.amazonaws.com/image0006c42fe20210520023931.jpg'),(7,5,'https://ssafybucket.s3.ap-northeast-2.amazonaws.com/image03fb65ec820210520024126.jpg'),(10,7,'https://ssafybucket.s3.ap-northeast-2.amazonaws.com/image0dfe7fda820210520095045.jpg'),(11,7,'https://ssafybucket.s3.ap-northeast-2.amazonaws.com/image123bbab8b20210520095045.jpg'),(12,8,'https://ssafybucket.s3.ap-northeast-2.amazonaws.com/image0bf5f344f20210520095150.jpg'),(13,8,'https://ssafybucket.s3.ap-northeast-2.amazonaws.com/image140de181b20210520095150.jpg'),(14,9,'https://ssafybucket.s3.ap-northeast-2.amazonaws.com/image067826b3320210520100740.jpg'),(15,9,'https://ssafybucket.s3.ap-northeast-2.amazonaws.com/image1269cfb8b20210520100740.jpg'),(16,9,'https://ssafybucket.s3.ap-northeast-2.amazonaws.com/image265dc031320210520100740.jpg'),(17,9,'https://ssafybucket.s3.ap-northeast-2.amazonaws.com/image313ccb91420210520100740.jpg'),(18,9,'https://ssafybucket.s3.ap-northeast-2.amazonaws.com/image4ba73b2ea20210520100741.jpg'),(34,10,'https://ssafybucket.s3.ap-northeast-2.amazonaws.com/image0c053d1af20210520103409.jpg'),(35,10,'https://ssafybucket.s3.ap-northeast-2.amazonaws.com/image1148f926320210520103409.jpg'),(36,10,'https://ssafybucket.s3.ap-northeast-2.amazonaws.com/image2b21a900620210520103409.jpg'),(37,10,'https://ssafybucket.s3.ap-northeast-2.amazonaws.com/image306be002520210520103409.jpg'),(38,10,'https://ssafybucket.s3.ap-northeast-2.amazonaws.com/image4f6eb85ee20210520103409.jpg'),(39,13,'https://ssafybucket.s3.ap-northeast-2.amazonaws.com/image0da4687cf20210520112211.jpg'),(40,13,'https://ssafybucket.s3.ap-northeast-2.amazonaws.com/image1fa44c33f20210520112211.jpg'),(41,13,'https://ssafybucket.s3.ap-northeast-2.amazonaws.com/image2a2486c5720210520112211.jpg'),(42,14,'https://ssafybucket.s3.ap-northeast-2.amazonaws.com/image01b57c50220210520113004.jpg'),(43,14,'https://ssafybucket.s3.ap-northeast-2.amazonaws.com/image1fd2e35f220210520113005.jpg'),(44,14,'https://ssafybucket.s3.ap-northeast-2.amazonaws.com/image2b5d004bf20210520113005.jpg'),(45,15,'https://ssafybucket.s3.ap-northeast-2.amazonaws.com/image08f07c5be20210520120616.jpg'),(46,15,'https://ssafybucket.s3.ap-northeast-2.amazonaws.com/image1a631001720210520120616.jpg');
/*!40000 ALTER TABLE `diary_image` ENABLE KEYS */;
UNLOCK TABLES;

--
-- Table structure for table `mbti`
--

DROP TABLE IF EXISTS `mbti`;
/*!40101 SET @saved_cs_client     = @@character_set_client */;
/*!40101 SET character_set_client = utf8 */;
CREATE TABLE `mbti` (
  `id` bigint(20) NOT NULL,
  `question` varchar(100) DEFAULT NULL,
  `opt1` varchar(100) DEFAULT NULL,
  `val1` varchar(45) DEFAULT NULL,
  `opt2` varchar(100) DEFAULT NULL,
  `val2` varchar(45) DEFAULT NULL,
  PRIMARY KEY (`id`)
) ENGINE=InnoDB DEFAULT CHARSET=utf8mb4;
/*!40101 SET character_set_client = @saved_cs_client */;

--
-- Dumping data for table `mbti`
--

LOCK TABLES `mbti` WRITE;
/*!40000 ALTER TABLE `mbti` DISABLE KEYS */;
INSERT INTO `mbti` VALUES (1,'과일이 먹고싶어진 나는?','바람도 쐴 겸 직접 과일을 사러 간다.','E','집에서 인터넷으로 주문한다.','I'),(2,'동네에서 살인 사건이 났다는 소식을 들었다. 가장 먼저 드는 생각은?','그 길로 가지 말아야겠다.','S','그 사건의 내막이 궁금하다.','N'),(3,'친구가 식물을 잘 못 키우고 있을때 나는?','잘못 키우고 있다고 말해주는 것이 중요하다.','T','친구의 기분을 생각하며 잘못됨을 알린다.','F'),(4,'내 방과 꽃을 키우는 방의 환경은?','비교적 잘 정돈되어있다.','J','지저분해보이지만 나만 아는 질서가 있다.','P'),(5,'사람들이 많을 때 나는?','주로 대화를 이끌어나간다.','E','주로 상대방의 이야기를 듣는다.','I'),(6,'숲 속에서 꽃을 발견한 나는?','색, 모양, 향기 등 보이는 것에 집중한다.','S','꽃과 연관된 기억을 상기한다.','N'),(7,'친구가 키우던 식물이 죽었다고 할때 나의 반응은?','식물이 어쩌다 죽었어?','T','다음엔 잘 키우면 되지','F'),(8,'정해진 발표 시간내에 누군가가 질문을 한다면?','제지한다.','J','그때그때 대답해준다.','P'),(9,'여행지에서 우연히 마음에 드는 사람과 대화를 시작하게 된 나는?','대화를 주도하여 분위기를 이끈다.','E','묵묵히 그 사람의 이야기를 듣는다.','I'),(10,'키우고 싶은 식물은?','이전에 키워봤던 것과 비슷한 유형의 식물','S','이전에 키워봤던 것과 색다른 유형의 식물','N'),(11,'친구가 아프다고 할때 나의 반응은?','병원은 갔어?','T','아프지마 ㅠㅠ','F'),(12,'친구가 약속을 갑작스레 취소했을 때 나의 기분은?','대개 기분이 나쁘다.','J','그럴수도 있다고 생각한다.','P');
/*!40000 ALTER TABLE `mbti` ENABLE KEYS */;
UNLOCK TABLES;

--
-- Table structure for table `mbti_result`
--

DROP TABLE IF EXISTS `mbti_result`;
/*!40101 SET @saved_cs_client     = @@character_set_client */;
/*!40101 SET character_set_client = utf8 */;
CREATE TABLE `mbti_result` (
  `id` bigint(20) NOT NULL,
  `type` varchar(45) DEFAULT NULL,
  `summary` varchar(100) DEFAULT NULL,
  `etc` varchar(255) DEFAULT NULL,
  `pid1` bigint(20) NOT NULL,
  `pid2` bigint(20) NOT NULL,
  PRIMARY KEY (`id`),
  KEY `fk_mbti_result_plant_info1` (`pid1`),
  KEY `fk_mbti_result_plant_info2` (`pid2`),
  CONSTRAINT `fk_mbti_result_plant_info1` FOREIGN KEY (`pid1`) REFERENCES `plant_info` (`id`) ON DELETE NO ACTION ON UPDATE NO ACTION,
  CONSTRAINT `fk_mbti_result_plant_info2` FOREIGN KEY (`pid2`) REFERENCES `plant_info` (`id`) ON DELETE NO ACTION ON UPDATE NO ACTION
) ENGINE=InnoDB DEFAULT CHARSET=utf8mb4;
/*!40101 SET character_set_client = @saved_cs_client */;

--
-- Dumping data for table `mbti_result`
--

LOCK TABLES `mbti_result` WRITE;
/*!40000 ALTER TABLE `mbti_result` DISABLE KEYS */;
INSERT INTO `mbti_result` VALUES (1,'ISTJ','세상의 소금형','한번 시작한 일은 끝까지 해내는 분이군요? 그렇다면 다음 꽃은 어떤가요? 키우기 어려운 꽃을 잘 기르고 나면 성취감이 생길거에요!',4,21),(2,'ISFJ','임금 뒤편의 권력형','성실하고 온화하며 협조를 잘하시는 분이군요? 집의 분위기도 온화하게 만들어줄수있는 다음 식물은 어떤가요?',81,21),(3,'INFJ','예언자형','사람과 관련된 뛰어난 통찰력을 가지고 있는 분이군요? 사람에게만큼 식물에게도 그런 관심을 가져보는 건 어떨까요? ',18,42),(4,'INTJ','과학자형','전체적인 부분을 조합하여 비전을 제시하는 분이군요? 집안의 전체적인 분위기를 한껏 온화하게 해줄 다음 식물은 어떤가요?',77,14),(5,'ISTP','백과사전형','논리적이고 뛰어난 상황 적응력을 가지고 있는 분이군요? 키우기 어려운 꽃도 잘 키울 수 있을거에요!',83,4),(6,'ISFP','성인군자형','따뜻한 감성을 가지고 있는 겸손한 분이군요? 당신의 따뜻한 마음을 필요로하는 다음 식물은 어떤가요?',91,77),(7,'INFP','잔다르크형','이상적인 세상을 만들어가는 분이군요? 세상을 아름답게 만드는 공기정화 식물은 어떤가요?',14,77),(8,'INTP','아이디어 뱅크형','비평적인 관점을 가지고 있는 뛰어난 전략가시군요? 식물 또한 전략적으로 키운다면 잘 자랄 수 있을거에요!',55,14),(9,'ESTP','수완좋은 활동가형','친구, 운동, 음식 등 다양한 활동을 선호하시군요? 식물을 키울 때도 당신의 활동력을 발휘할 수 있지 않을까요?',16,52),(10,'ESFP','사교적인 유형','분위기를 고조시키는 우호적인 분이군요? 따뜻한 분위기를 연출해주는 다음 식물은 어떤가요?',20,16),(11,'ENFP','스파크형','열정적으로 새로운 관계를 만드는 분이군요? 당신의 열정을 불태울 수 있는 다음 식물은 어떤가요?',28,55),(12,'ENTP','발명가형','풍부한 상상력을 가지고 새로운 것에 도전하는 분이군요? 도전적인 당신이 키우기 좋은 식물은 이것입니다!',42,52),(13,'ESTJ','사업가형','사무적, 실용적, 현실적으로 일을 많이하는 분이군요? 식물에게도 그런 관심을 쏟아줄 수 있나요?',78,20),(14,'ESFJ','친선도모형','친절과 현실감을 바탕으로 타인에게 봉사하는 분이군요? 당신의 따뜻한 마음을 필요로하는 다음 식물은 어떤가요?',31,20),(15,'ENFJ','언변능숙형','타인의 성장을 도모하고 협동하는 분이군요? 타인과 함께하느라 지친 마음을 위로해줄 다음 식물은 어떤가요?',20,16),(16,'ENTJ','지도자형','비전을 가지고 사람들을 활력적으로 이끌어가는 분이군요? 당신의 활력이 필요한 다음 식물은 어떤가요?',78,42);
/*!40000 ALTER TABLE `mbti_result` ENABLE KEYS */;
UNLOCK TABLES;

--
-- Table structure for table `message`
--

DROP TABLE IF EXISTS `message`;
/*!40101 SET @saved_cs_client     = @@character_set_client */;
/*!40101 SET character_set_client = utf8 */;
CREATE TABLE `message` (
  `msg_id` bigint(20) NOT NULL AUTO_INCREMENT,
  `uid` bigint(20) NOT NULL,
  `title` varchar(255) DEFAULT NULL,
  `content` varchar(255) DEFAULT NULL,
  `date_time` datetime DEFAULT NULL,
  `flag` tinyint(4) NOT NULL DEFAULT 1,
  `message_key` varchar(255) DEFAULT NULL,
  PRIMARY KEY (`msg_id`),
  KEY `fk_Message_User1` (`uid`),
  CONSTRAINT `fk_Message_User1` FOREIGN KEY (`uid`) REFERENCES `user` (`uid`) ON DELETE NO ACTION ON UPDATE NO ACTION
) ENGINE=InnoDB AUTO_INCREMENT=4 DEFAULT CHARSET=utf8mb4;
/*!40101 SET character_set_client = @saved_cs_client */;

--
-- Dumping data for table `message`
--

LOCK TABLES `message` WRITE;
/*!40000 ALTER TABLE `message` DISABLE KEYS */;
INSERT INTO `message` VALUES (2,2,'띵동','오늘 율마 물 주는 날이에요.','2021-05-20 11:32:11',0,'0745791a-600b-4370-96d8-00b4fc13f866'),(3,2,'띵동','오늘 율마 물 주는 날이에요.','2021-05-20 16:00:08',1,'5d91a89e-04f2-404e-804f-e0967e60435f');
/*!40000 ALTER TABLE `message` ENABLE KEYS */;
UNLOCK TABLES;

--
-- Table structure for table `plant_care`
--

DROP TABLE IF EXISTS `plant_care`;
/*!40101 SET @saved_cs_client     = @@character_set_client */;
/*!40101 SET character_set_client = utf8 */;
CREATE TABLE `plant_care` (
  `id` bigint(20) NOT NULL AUTO_INCREMENT,
  `pid` bigint(20) NOT NULL,
  `room_id` bigint(20) NOT NULL,
  `nickname` varchar(50) DEFAULT NULL,
  `name` varchar(50) DEFAULT NULL,
  `water` varchar(50) DEFAULT NULL,
  `started_date` datetime DEFAULT NULL,
  `last_date` datetime DEFAULT NULL,
  `image` varchar(255) DEFAULT NULL,
  `dead` tinyint(4) DEFAULT 1,
  `flag` tinyint(4) DEFAULT 1,
  PRIMARY KEY (`id`),
  KEY `fk_PlantCare_PlantInfo1` (`pid`),
  KEY `fk_PlantCare_Room1` (`room_id`),
  CONSTRAINT `fk_PlantCare_PlantInfo1` FOREIGN KEY (`pid`) REFERENCES `plant_info` (`id`) ON DELETE NO ACTION ON UPDATE NO ACTION,
  CONSTRAINT `fk_PlantCare_Room1` FOREIGN KEY (`room_id`) REFERENCES `room` (`room_id`) ON DELETE NO ACTION ON UPDATE NO ACTION
) ENGINE=InnoDB AUTO_INCREMENT=24 DEFAULT CHARSET=utf8mb4;
/*!40101 SET character_set_client = @saved_cs_client */;

--
-- Dumping data for table `plant_care`
--

LOCK TABLES `plant_care` WRITE;
/*!40000 ALTER TABLE `plant_care` DISABLE KEYS */;
INSERT INTO `plant_care` VALUES (1,18,120,'율마','율마 (윌마)','주 1회','2021-03-01 00:00:00','2021-05-04 00:00:00','https://ssafybucket.s3.ap-northeast-2.amazonaws.com/plant11f434eb20210519191424.jpg',1,1),(2,82,120,'싱고니움','싱고니움','주 2회','2021-05-02 00:00:00',NULL,'https://ssafybucket.s3.ap-northeast-2.amazonaws.com/plant805c301b20210519192444.jpg',1,0),(3,1,122,'아','여우꼬리풀','2주 1회','2021-05-20 00:00:00',NULL,'https://ssafybucket.s3.ap-northeast-2.amazonaws.com/plantef8a6cde20210520004412.jpg',1,1),(4,1,123,'ㅇㅇ','여우꼬리풀','2주 1회','2021-05-20 00:00:00',NULL,'https://ssafybucket.s3.ap-northeast-2.amazonaws.com/plant362b7a2820210520004717.jpg',0,1),(5,55,120,'몬스테라','몬스테라 델리시오사','주 2회','2021-04-21 00:00:00','2021-05-19 00:00:00','https://ssafybucket.s3.ap-northeast-2.amazonaws.com/plant9c8cfb1b20210520005242.jpg',1,0),(6,76,114,'배','아프리칸 바이올렛','주 1회','2021-05-20 00:00:00',NULL,'https://ssafybucket.s3.ap-northeast-2.amazonaws.com/plantcf459e2a20210520010224.jpg',1,1),(7,18,120,'율','율마 (윌마)','주 1회','2021-05-08 00:00:00','2021-05-05 00:00:00','https://ssafybucket.s3.ap-northeast-2.amazonaws.com/plant2e307ef220210520094508.jpg',1,0),(12,82,126,'싱싱','싱고니움','주 2회','2021-05-08 00:00:00','2021-05-02 00:00:00','https://ssafybucket.s3.ap-northeast-2.amazonaws.com/plantb1ea94c720210520111828.jpg',1,0),(13,18,125,'율마','율마 (윌마)','주 1회','2021-05-12 00:00:00',NULL,'https://ssafybucket.s3.ap-northeast-2.amazonaws.com/plant7f3d43f620210520112920.jpg',1,1),(14,55,129,'몬스테라','몬스테라 델리시오사','주 2회','2021-01-01 00:00:00','2021-05-18 00:00:00','https://ssafybucket.s3.ap-northeast-2.amazonaws.com/plantc1c44dc620210520154439.jpg',1,1),(15,82,130,'싱고니움','싱고니움','주 2회','2021-01-01 00:00:00','2021-05-19 00:00:00','https://ssafybucket.s3.ap-northeast-2.amazonaws.com/plantb9f779bd20210520154503.jpg',1,1),(16,18,129,'율마','율마 (윌마)','주 1회','2021-02-20 00:00:00','2021-05-05 00:00:00','https://ssafybucket.s3.ap-northeast-2.amazonaws.com/plant9e12fa1720210520154634.jpg',1,1),(17,77,128,'스투키','스투키','한 달 1회','2021-02-01 00:00:00','2021-05-19 00:00:00','https://ssafybucket.s3.ap-northeast-2.amazonaws.com/plantd4e8cf2d20210520155446.jpg',1,1),(18,14,128,'테이블야자','테이블 야자','주 1회','2021-04-16 00:00:00','2021-05-03 00:00:00','https://ssafybucket.s3.ap-northeast-2.amazonaws.com/plantbaa839f320210520153919.jpg',1,1),(19,14,130,'테이블 야자','테이블 야자','주 1회','2021-03-20 00:00:00',NULL,'https://ssafybucket.s3.ap-northeast-2.amazonaws.com/plant3043292420210520121916.jpg',1,0),(20,77,1,'다정','스투키','한 달 1회','2021-05-20 00:00:00',NULL,'https://ssafybucket.s3.ap-northeast-2.amazonaws.com/plant959c5abf20210520170542.jpg',1,1),(21,77,1,'','스투키','한 달 1회','2021-05-20 00:00:00',NULL,'https://ssafybucket.s3.ap-northeast-2.amazonaws.com/plantf109558420210520133514.jpg',1,0),(22,77,1,'','스투키','한 달 1회','2021-05-20 00:00:00',NULL,'https://ssafybucket.s3.ap-northeast-2.amazonaws.com/plantcf11e97d20210520142652.jpg',1,1),(23,18,130,'율마','율마 (윌마)','주 1회','2021-01-18 00:00:00',NULL,'https://ssafybucket.s3.ap-northeast-2.amazonaws.com/planta75403ed20210520161919.jpg',1,0);
/*!40000 ALTER TABLE `plant_care` ENABLE KEYS */;
UNLOCK TABLES;

--
-- Table structure for table `plant_info`
--

DROP TABLE IF EXISTS `plant_info`;
/*!40101 SET @saved_cs_client     = @@character_set_client */;
/*!40101 SET character_set_client = utf8 */;
CREATE TABLE `plant_info` (
  `id` bigint(20) NOT NULL AUTO_INCREMENT,
  `common` varchar(50) DEFAULT NULL,
  `name` varchar(50) DEFAULT NULL,
  `category` varchar(50) DEFAULT NULL,
  `level` varchar(45) DEFAULT NULL,
  `smell` tinyint(4) DEFAULT NULL,
  `air` tinyint(4) DEFAULT NULL,
  `temp` varchar(45) DEFAULT NULL,
  `humid` varchar(45) DEFAULT NULL,
  `water` varchar(45) DEFAULT NULL,
  `info` text DEFAULT NULL,
  `image` varchar(500) DEFAULT NULL,
  PRIMARY KEY (`id`)
) ENGINE=InnoDB AUTO_INCREMENT=92 DEFAULT CHARSET=utf8mb4;
/*!40101 SET character_set_client = @saved_cs_client */;

--
-- Dumping data for table `plant_info`
--

LOCK TABLES `plant_info` WRITE;
/*!40000 ALTER TABLE `plant_info` DISABLE KEYS */;
INSERT INTO `plant_info` VALUES (1,'Acalypha reptans','여우꼬리풀','꽃','보통',1,0,'21~25°C','40~70%','2주 1회','여름과 가을에 최대 10cm 길이의 양털 꼬리 꽃처럼 핑키 레드 catkin을 생산해요. 이 식물은 주로 매력적인 꽃과 무성한 단풍을 위해 재배되며 추운 기후에서는 실내에서 밝은 빛으로 자랄 수 있어요. 당신의 정원에 열대 느낌을주기에 좋습니다.\n','http://image.auction.co.kr/itemimage/17/3a/20/173a20b7c6.jpg'),(2,'Adenium obesum','아데니움','잎, 선인장/다육','보통',0,1,'21~25°C','40~70%','2주 1회','아데니움은 사막 같은 고온 건조한 환경에서 자라나는 꽃이라 사막의 장미라고도 불리는 식물이에요. 부풀어 오른 독특한 형태의 줄기는 건조한 기후에서 물을 저장하기 위한 것이라고 해요. 우리나라에서는 석화로도 불리는데 몸통이 통통하고, 꽃이 아름다워 관상용으로 인기가 많은 아이랍니다!','https://assets.plantarena.com/unsafe/https://plantarena-new.s3.ap-south-1.amazonaws.com/images/products/5d60dcc5b251fb13bf692aa9/nurserylive-set-of-2-bonsai-looking-grafted-adenium-plants-1_600x600.jpg'),(3,'Aeonium arboreum Zwartkop','흑법사','선인장/다육','쉬움',0,0,'21~25°C','40~70%','2주 1회','흑법사는 검붉은 색의 장미와 비슷하게 생긴 다육식물이에요. 해외에서는 Black Rose라고 불려요. 키가 크게 자라는 편이어서 해외에서는 화단에 심어 멋지게 연출하기도 해요.','https://huga.s3.ap-northeast-2.amazonaws.com/plantImages/1590409726508Dornenwolf.jpg'),(4,'Alocasia amazonica','알로카시아 아마조니카','잎','어려움',0,1,'21~25°C','40~70%','주 1회','거북이의 등껍질, 코끼리의 귀를 닮은 알로카시아 아마조니카는 알로카시아 오도라와 다르게 암녹색의 어두운 잎에 하얀색 선(잎맥)이 뚜렷하게 보여요. 따듯한 곳을 좋아하고 과습과 건조에 동시에 약한 친구랍니다. 알로카시아 아마조니카는 실내에 두면 시선을 확 잡을만큼 독특하고 인테리어 효과가 좋아요. 플로리스트가 장식을 할 때 많이 사용하는 식물이에요.','https://landosol.co.za/wp-content/uploads/2017/05/polly_lg.jpg'),(5,'Aloe barbadens','알로에 베라','잎','쉬움',0,0,'21~25°C','40~70%','3주 1회','아프리카에서 온 알로에는 전 세계적으로 500여 종이 있어요. 이중 가장 많이 알려진 인기쟁이는 \'알로에 베라\'랍니다. 아랍어로 \'맛이 쓰다\'라는 뜻이에요. 환경에 적응성이 좋아서 온도, 습도가 비슷하게 유지되면 계속 성장해요. 식용, 약용으로 널리 쓰이는 알로에 베라는 피부 미용, 노화 방지, 면역력 강화 등 인체를 해독하는 성분을 가지고 있어 사람들에게 많은 도움을 주는 고마운 친구랍니다. (잠깐! \'미니 알로에\'는 식용이 불가하니 주의해 주세요.','https://i.pinimg.com/564x/26/fd/e7/26fde7185cd5e768c6313a6652f7a662.jpg'),(6,'Anthurium andraeanum','안스리움 안드레아눔','잎, 꽃','보통',0,1,'21~25°C','70%이상','주 1회','꼬리를 닮은 꽃, 안스리움의 이름은 \'anthos\'와 \'oura\' 꽃과 꼬리의 합성어에요. 안스리움 안드레아넘은 막대모양의 신기한 꽃모양을 가지고 있고, 꽃옆을 감싸고 있는 불염포라는 잎도 붉은색, 분홍색, 흰색으로 다양하게 있어요. 계절에 상관없이 실내에서 온도만 맞으면 꽃이 2~3개월에 한 번씩 피어나요. 최근 전세계적으로 열대식물이 유행하면서 국내에도 많은 종류의 안스리움들이 소개되고 있어요.','https://cdn.shopify.com/s/files/1/0150/6262/products/the-sill_anthurium-pink_variant_small_bryant_blush_1440x.jpg?v=1618269207'),(7,'Aspidistra elatior','엽란','잎','쉬움',0,0,'16~20°C','40~70%','주 1회','비짜루과 놀리나아과의 상록 다년초입니다. 줄기는 땅속에서 옆으로 포복하여 땅속줄기 형태를 취해요. 잎은 얇고 단단하고 윤기가 있으며 진한 녹색입니다.\r','https://www.plantvista.com/wp-content/uploads/2020/07/Aspidistra-_PVista.png'),(8,'Begonia semperflorens','꽃베고니아','잎, 꽃','보통',0,0,'21~25°C','70%이상','주 1회','여러해살이풀로 브라질이 원산지입니다. 높이 15-30cm로 밑에서 가지가 많이 갈라지고 털이 없어요. 잎은 어긋나고 난형 또는 타원형이며 가장자리에 불규칙한 톱니가 있습니다. 표면에 세포성 잔돌기가 있어 윤기가 나고 여름에 강한 햇볕이 쬐면 적색 또는 적자색이 됩니다.','https://www.mullerseeds.com/media/catalog/product/cache/1/image/9df78eab33525d08d6e5fb8d27136e95/b/e/begonia_semperflorens_sprin_plus_orange.jpg'),(9,'Calathea crocata','칼라데아 크로카타','잎, 꽃','보통',0,0,'21~25°C','40~70%','주 1회','생육환경이 좋을경우에 초여름까지 아름다운 꽃을 감상하실 수 있습니다.\r\n반음지식물로 직사광을 피한 밝은 실내나 반그늘에서 관리하세요.','http://flowerplant.com.au/wp-content/uploads/2016/07/calathea-crocata.jpg'),(10,'Calathea insignis','칼라데아 인시그니스','잎','보통',0,0,'21~25°C','40~70%','주 1회','잎의 무늬가 선명하여 포인트로 적당하다.\n덩이줄기에서 올라온 달걀모양 잎의 앞면에 주맥을 축으로 짙은 녹색 또는 암갈색의 반점이 있다.','https://i.pinimg.com/564x/29/84/59/298459efa7cda9bd95ae4b5f8dbce927.jpg'),(11,'Calathea makoyana','칼라데아 마코야나','잎','보통',0,0,'21~25°C','40~70%','주 1회','칼라데아 품종 중 하나인 칼라데아 마토야나는 나사(NASA)에서 정한 화학물질 제거에 좋은 공기정화식물에 속합니다. 칼라데아는 공간을 작게 차지해 모던한 분위기의 인테리어 연출에 적합한 식물입니다.','https://i.pinimg.com/564x/65/63/25/656325c3720be708923c58de5da4aea8.jpg'),(12,'Camellia japonica','동백나무','잎, 꽃','보통',1,0,'16~20°C','40~70%','주 1회','동백은 상록 활엽소 교목으로 남부지방, 제주도에 자생한다\n꽃은 12~4월에 피어서 결실기는 가을이다.\n잎은 타원형이고 길이 5~12cm. 폭 3~7cm이며, 엽병은 길이 2~15mm로\n털이 없다. \n꽃의 열매는 지름 3~5mm로 붉은색이 돌며 9월에 성숙한다. (“산다화“라\n하며 약용으로 이용한다.)\n동백나무는 꽃봉오리의 채취시기는 춘추부터 곡우(4월) 사이에 채취한다.','https://huga.s3.ap-northeast-2.amazonaws.com/plantImages/1591604711291dumepulbat_82945954_485674752327881_2916907268375023503_n-2.jpg'),(13,'Ceropegia woodii','러브체인','잎, 덩굴','보통',0,0,'16~20°C','40%이하','2주 1회','온도가 적당하여 정상적인 성장이 지속한다면 그에 맞춰 비료도 자주 주어야 길게 늘어지며 자란다. \n폭포처럼 아래쪽으로 길게 늘어지는 특성이 있어 거실이나 베란다에 걸어두면 보기 좋다.\n줄기는 1~3m까지 자라며, 잎 앞면에 회백색 그물 무늬가 있고 뒷면은 적자색이다. 다른 덩굴식물과는 달리 땅속줄기에 덩이뿌리(물 저장뿌리)가 있어 다습한 환경을 싫어하고, 건조에 강하다.\n여름철에 1~2cm 분홍색 깔때기 모양으로 생긴 독특한 통꽃이 피고 꽃이 피는 기간은 긴 편이다.\n번식은 줄기 삽목을 주로 이용하는데, 덩굴을 두세 마디씩 잘라서 땅에 꽂거나 덩굴에 생기는 작은 덩이를 묻어두면 싹이 난다. \n\n\n\n\n\n\n\n\n\n\n\n\n\n\n\n\n\n\n\n\n\n\n\n\n\n\n\n\n\n\n\n\n\n\n\n\n\n\n\n\n\n\n\n\n\n\n\n\n\n\n\n\n\n\n\n\n\n- 환기: 규칙적인 환기가 필요. \n\n\n\n\n\n\n\n\n\n\n\n\n\n\n\n\n\n\n\n\n\n\n\n\n\n\n\n\n\n\n\n\n\n\n\n\n\n\n\n\n\n\n\n\n\n\n\n\n\n\n\n\n\n\n\n\n\n\n\n\n\n\n\n- 물관리: 과습과 과한 물주기는 피해야 함. 빗물을 주면 토양이 산성화 될 수도 있음. 따뜻한 물을 사용하세요.\n\n\n\n\n\n\n\n\n\n\n\n\n\n\n\n\n\n\n\n\n\n\n\n\n\n\n\n\n\n\n\n\n\n\n\n\n\n\n\n\n\n\n\n\n\n\n\n\n\n\n\n\n\n\n\n\n\n\n\n\n\n\n\n- 행잉 바구니에 적합한 식물.','https://www.ikea.com/ie/en/images/products/ceropegia-woodii-potted-plant-chain-of-hearts__0978028_pe813994_s5.jpg?f=s'),(14,'Chamaedorea elegans','테이블 야자','잎','쉬움',0,1,'21~25°C','40~70%','주 1회','책상 위에 올려놓고 키운다고 해서 테이블 야자라고 불리는 이 식물은 ‘죽이기 어려운 식물 10위’ 안에 들 정도로 강인한 식물이에요. 병충해에도 강하고 다양한 환경에 대한 적응력이 좋아요. 그래서 초보 가드너들에 많이 추천하는 식물이랍니다. 게다가 독성이 없어서 안전하고 각종 화학물질을 제거하는 공기정화 식물이라 오랫동안 사랑받고 있어요.','http://cdn.shopify.com/s/files/1/0150/6262/products/the-sill_parlor-palm_variant_small_grant_mint_e7469cb6-2bd7-4152-9c40-9b3eeef03f71_1200x.jpg?v=1619186856'),(15,'Clivia miniata','군자란','잎, 꽃','보통',0,0,'16~20°C','40~70%','주 1회','군자란이라는 이름으로 불리워지고 있지만 \'난과\'와는 관계가 없어요. 오래 묵어야 분열이 되어 포기나누기로 번식을 할 수 있습니다. 씨로 번식할 경우에는 개화까지 4~5년이 걸립니다. 군자란은 반그늘지며 바람이 잘 통하는 곳에서 비교적 잘자란답니다.','http://m.jungsoo91.com/web/product/big/201703/411_shop1_748439.jpg'),(16,'Clusia rosea','크루시아','잎','쉬움',0,1,'21~25°C','40~70%','주 1회','크루시아는 동그랗고 두툼한 잎을 가진 식물이에요. 빛이 적은 곳에서도 잘 자라고, 잎이 두툼해서 물을 머금고 있기 때문에 건조에도 강한 편이에요. 청페페와 닮았지만 크루시아는 잎 끝이 더 뾰족하고 자라면서 점점 더 나무처럼 목대가 생긴답니다.','https://m.eppflower.com/web/product/big/201801/1949_shop1_596451.jpg'),(17,'Codiaeum variegatum','크로톤','잎','보통',0,1,'21~25°C','40~70%','주 1회','인도네시아 자바와 호주에서 온 크로톤은 큰 잎, 가는 잎, 꼬인 잎 등 수많은 품종을 가지고 있는 친구에요. 잎의 특이한 무늬와 알록달록한 색깔이 이쁜 식물이에요. 실내광에서도 잘 자라지만 빛이 적은 곳에 두면 잎의 무늬가 옅어지고 녹색으로 변해요. 무늬가 또렷하게 보이게 하려면 부드러운 햇빛이 드는 곳에서 키우는 것이 좋아요.','https://duchateau.be/webshop/1176-large_default/croton-codiaeum-variegatum.jpg'),(18,'Cupressus macrocarpa Wilma Goldcrest','율마 (윌마)','잎','보통',1,1,'16~20°C','40~70%','주 1회','율마는 측백나무과의 침엽수에요. 일 년 내내 밝은 연둣빛 잎과 상큼한 레몬 향이 매력적인 식물이죠. 바다 안개가 자욱하면서 시원한 곳에 사는 율마는 환경을 적절히 맞춰주기 까다로울 수 있어요. 여름에는 조금 시원하게, 겨울에는 약간 따뜻하게 키운다면 화분에서 한 그루 나무의 모습을 느낄 수 있는 몇 안 되는 식물 중 하나랍니다. 동물에게 약간의 독성이 있으므로 반려동물이 있다면 주의해 주세요.','https://cdn.shoplightspeed.com/shops/616617/files/18497691/1600x2048x2/cupressus-macrocarpa-wilma-goldcrest.jpg'),(19,'Cycas revoluta','소철','잎','쉬움',0,0,'21~25°C','40~70%','2주 1회','소철은 식물의 힘이 없을 때, 철분을 주면 생기를 찾는다고도 해요. 야자수처럼 보이지만 다른 종이며 곧게 뻗은 잎으로 이국적인 여름 휴양지 분위기를 낼 수 있어서 제주도에 많아요. 잎이 나는 중심부에는 열매가 달려요. 열매에는 신경독과 메틸아미노, 알라닌등의 독성 성분이 있으니 섭취하시면 안 돼요.','https://m.eppflower.com/web/product/big/201803/2020_shop1_982493.jpg'),(20,'Cyclamen persicum','시클라멘','잎, 꽃','어려움',1,0,'16~20°C','40~70%','주 1회','시클라멘은 공중에 둥둥 떠있는 난을 닮은 꽃이 있는 식물이에요. 구근 식물이어서 겨울에 꽃을 한껏 피우고 날씨가 따뜻해지면 휴면기로 접어들어요. 꽃 색상은 보라색, 흰색, 분홍색 등등으로 다양하고 프릴이 있는 품종도 있어요.\n','https://contents.sixshop.com/thumbnails/uploadedFiles/51282/product/image_1583202274916_750.jpeg'),(21,'Cymbidium spp','심비디움','잎, 꽃','어려움',0,0,'21~25°C','70%이상','2주 1회','‘물위의 배’라는 뜻으로 꽃은 2개의 꽃잎 1개의 설판, 3개의 꽃받침으로 구성된다. 분홍색, 빨강색, 노란색, 흰색 등 다양한 색을 갖고 있으며 화려하지만 대부분 향기가 없다. 우리나라에서는 겨울철에 꽃이 피고 화분용이나 절화로 많이 쓰이며 결혼식 축하 코사지로 많이 쓰인다. 지하부 배지의 과습에 약하므로 건조하게 관리한다. 뿌리가 꽉 차기 전, 3~4월에 분갈이를 하는 것이 좋다.','http://m.eppflower.com/web/product/big/201612/1354_shop1_292372.jpg'),(22,'Dendrobium phalaenopsis','덴파레','잎, 꽃','보통',0,0,'21~25°C','40~70%','2주 1회','덴파레는 난초과의 식물로써 그 학명은 Dendrobium phalaenopsis 라고 불린답니다. 태국, 싱가포르 등에서 대량으로 우리나라로 수입되어지는 꽃이기도 한데요. 주로 꽃꽂이 용으로 많이 쓰이는 덴드로비움의 주종에 해당하는게 바로 덴파레라고 해요.','https://lolflower.com/web/product/big/L52%20(10).jpg'),(23,'Dieffenbachia amoena Tropic snow','디펜바키아 트로픽스노우','잎','보통',0,1,'21~25°C','40~70%','주 1회','디펜바키아 트로픽스노우는 마리안느와 비슷한 잎 모양을 가지고 있는 친구에요. 녹색 바탕에 흰 무늬가 가운데 들어가 있으며 두꺼운 잎을 가지고 있어요. 마리안느보다 크기가 크며, 대형종 식물이에요. 다른 관엽식물에 비해 성장이 빠른 편에 속하고 열대 우림의 느낌을 내는 잎 모양을 가지고 있어요. 다른 디펜바키아 종류보다 넓은 잎을 가져 공기정화에 효과가 좋아요. 트로픽스노우는 잎에 옥산살이라는 독이 있어 잎을 씹거나, 먹게되면 입안이 부풀어 오르고 일시적으로 마비가되니 주의해야해요. 어린아이나 반려동물이 있는 가정은 주의해주세요! 잎을 자르거나 가지치기시 일회용 장갑을 끼고 잎을 잘라주세요.','https://i.pinimg.com/originals/1d/f3/97/1df397d62f703a590c6ac09ed491a07a.jpg'),(24,'Dracaena deremensis Virens Compacta','드라세나 콤팩타','잎','쉬움',0,1,'16~20°C','40~70%','주 1회','드라세나 콤팩타는 이름에서 느껴지듯 \'Compacta, 밀집되다, 꽉 차있다\' 의 의미로 잎의 배열이 촘촘하게 되어있어 얻어진 이름이에요. 잎은 광택이 있고 잎의 길이가 10cm 내외로 다른 드라세나 종에 비해 짧은 편이에요. 줄기와 잎이 위로 자라나는 성질을 지니고 있어요.','https://www.muji.com.hk/img/hk/1817756200504_1260.jpg'),(25,'Dracaena fragrans Massangeana','드라세나 맛상게아나 (행운목)','잎','쉬움',0,1,'16~20°C','40~70%','주 1회','행운목의 종명인 ‘fragrans’는 향기로운 꽃을 의미합니다. 향기로운 행운목꽃은 7년에 한 번 정도 불규칙적으로 피어서 굉장히 드물기 때문에 꽃을 본 사람은 다시 오지 않을 행운이 온다는 이야기도 있어요. 키우기 까다롭지 않고 공기 정화 식물이어서 오랜 기간 사랑 받는 식물이랍니다. 다만, 반려동물에게 독성이 있으므로 주의해 주세요.','http://cdn.shopify.com/s/files/1/0045/5340/8576/products/DracaenaFragransMassangeana6B.jpg?v=1598157092'),(26,'Dracaena marginata ','드라세나 마지나타','잎','쉬움',0,0,'16~20°C','40~70%','2주 1회','드사레나 마지나타는 잎이 모양이 창과 비슷해요. 시원하게 위로 뻗어 있으며 노란색 열매를 맺어요. 잎색은 녹색, 연두색, 흰색, 빨강, 자주색, 분홍색 등 다양한 색을 가지고 있어요. 하와이 은행 주위 곳곳에 심어져 있었다고 하여 돈나무(money tree)라고도 불린답니다. 잎에는 반려동물에게 해로운 사포닌 성분이 있어요. 구토, 식욕부진을 일으킬 수 있어 주의 해야해요.','https://search.pstatic.net/common/?src=http%3A%2F%2Fshop1.phinf.naver.net%2F20200712_262%2F159454821599017YC1_PNG%2F31911604414461968_564915977.png&type=sc960_832'),(27,'Dracaena reflexa Song of India','드라세나 송오브인디아 ','잎','쉬움',0,0,'16~20°C','40~70%','주 2회','고급스러운 이미지에 맞게 꽃말은 번영과 영광, 다양한 크기와 무늬를 가진 품종이다. 어두운 그늘에서 잘 적응하는 반음지 식물, 직사광선은 피하고 추위에 약해 겨울에 따뜻하게 관리해야 한다. 잎과 가지를 가지치기해서 정리해 주어야 새로운 가지가 잘 나온다. 영양공급을 뒷받침에 주어야 약하게 자라지 않고 3~4개 이상의 굵고 튼튼한 여러 개의 가지로 자라나게 할 수 있다.\n노란색 바탕의 잎에 짙은 녹색 무늬를 가진 소형종이며, 낮은 광도 등의 환경이 비교적 좋지 않는 곳에서도 잘 자라므로 실내조경에 자주 사용될 뿐 아니라 일반 가정에서도 매우 인기가 있어서 선물용으로 많이 이용되고 있다.','https://i.pinimg.com/564x/82/35/db/8235dbd9c7c7cf4783adb854fabe96e5.jpg'),(28,'Dracaena sanderiana','황금죽','잎','보통',0,0,'16~20°C','40~70%','주 1회','황금이 굴러온다고 하여 이름 붙여진 황금죽은 새로운 잎이 돋아나는 모습이 돈이 늘어나는 것 같다고 해서 붙여진 이름이에요. 개업선물 및 집들이 선물로도 좋은 식물이랍니다. 잎이 넙적하고 싱싱해서 인테리어 식물로도 좋아요. 물을 좋아하는 습성때문에 공기정화 및 습도조절이 탁월하여 아토피 및 피부 건조증에 시달리는 분에게 좋아요.','https://www.ozflower.co.kr/data/item/thumb-1340694211l0_700x700.jpg'),(29,'Dracaena sanderiana Virens','개운죽','잎','쉬움',0,1,'16~20°C','40~70%','주 2회','대나무를 닮은 생김새를 지니고 있지만 대나무와 다르게 속이 꽉 차있는 식물이에요. 개운죽은 초보자가 키우기 정말 쉬운 식물로 일반적으로 가정에서는 물에 담구어 키운답니다. 서양에서는 집에 복이 들어온다 하여 \'Lucky bamboo\' 라는 영어 이름을 가지고 있어요. 밝은 곳을 좋아하지만 실내의 빛이 부족한 곳에서도 잘 자라는 편이어서 공부방에 두어도 좋아요.','https://huga.s3.ap-northeast-2.amazonaws.com/plantImages/157222663527401_bfa_fresh_garden_61963994_565437907316563_5140965452422450795_n.jpg'),(30,'Duranta reptans','듀란타 (발렌타인자스민)','잎, 꽃','쉬움',1,0,'21~25°C','40~70%','주 1회','잎과 꽃 모두 관상가치가 높은 듀란타는 향까지 달콤해서 많은 분들이 선호하는 식물이에요. 너무 덥거나 실내가 너무 건조하게 되면 응애가 생길 수 있기때문에 그런 환경조건만 조금 조심하시면 키우는데 큰 문제는 없을거에요. 워낙 자체적으로 강한 생명력을 가지고 있기 때문에 해가 잘 들어오고 물을 꾸준히 잘 주시면 잘 자라는 식물이랍니다.','http://www.treeinfo.net/data/file/ti_free/3743913587_mjE1vgyZ_f74a328e820d2d3871e35a8de9906f2d00915a41.jpg'),(31,'Epipremnum aureum','스킨답서스','잎, 덩굴, 공중','쉬움',0,1,'21~25°C','40~70%','주 1회','천남성과 스킨답서스는 덩굴성으로 줄기가 길게 늘어지며 무늬가 있는 품종과 없는 품종이 있어요. 사람들에게도 많이 알려져있는 스킨답서스는 키우기 정말 쉬운 친구에요. 빛이 적은 곳에서도 잘 자라는 편이에요. 뿌리의 흙을 깨끗하게 털어내고 물에 담구어서 키우는 것(수경재배)도 가능하답니다. 독성이 있어 아이들과 반려동물이 먹으면 위험하니 주의해주세요.','https://www.nongsaro.go.kr/cms_contents/301/19716_MF_ATTACH_01.gif'),(32,'Epipremnum aureum Lime','형광 스킨답서스','잎, 덩굴','보통',0,0,'21~25°C','40~70%','주 1회','윤기나는 라임색 잎이 멋스러운 라임 스킨답서스 또는 형광 스킨답서스라고 부르기도 합니다. 공기정화식물로 유명한 식물이지요. 라임스킨답셔스는 NASA가 선정한 공기 정화 식물로 뽑힐 만큼 뛰어난 공기 정화 능력을 지닌 관상용 관엽식물이예요. 특히 주방에서 요리할 때 발생하는 일산화탄소를 제거하고, 음이온을 방출하여 전자파를 잡아주는 기특한 식물입니다.','https://mk0newsiteviodqfcuwv.kinstacdn.com/wp-content/uploads/2021/04/lime_1.jpg'),(33,'Euonymus japonica','금사철','잎','쉬움',0,0,'16~20°C','40~70%','주 1회','금사철은 녹색바탕에 황금색 무늬가 있는 사철이에요. 잎에 광택이 있고 두툼해서 보기만 해도 싱그러운 느낌이 들어요. 원산지는 북아메리카와 중앙 아메리카, 아시아 등 온대와 난대의 여러지역에서 자라는 식물이에요.','https://image2.xplant.co.kr/data/item/15863/1586398339_l1.jpg'),(34,'Euphorbia pulcherrima','포인세티아','잎, 꽃','보통',0,0,'21~25°C','40~70%','주 2회','추위에 약한 식물로 온도가 낮으면 잎이 덜어진다. 잎에서 나오는 흰색 즙액은 피부나 눈에 염증을 일으킬 수 있으므로 조심한다.','https://blog.kakaocdn.net/dn/bgWrod/btqPAueB7Ay/oztU3wNqWTkqAW9Qxzl4uK/img.jpg'),(35,'Fatsia japonica','팔손이 나무','잎, 꽃','쉬움',0,1,'16~20°C','40~70%','주 1회','팔손이는 우리나라에서 자생하고 쉽게 자라나는 두릅나무과에 속해진 식물이에요. 이름에서도 느껴지듯 잎이 보통 8개로 나온다 하여 \'팔손이\' 이지만 7~9개로 갈라져 나오기도 해요. 잎의 크기는 40cm 까지도 크게 자라요. 꽃은 흰 색을 띄고 있으며 꽃의 향 때문에 파리들이 주변에 날아 들기도해요. 따듯한 아래 남부지역에서는 야외에서도 키울 수 있어요.','https://www.maxifleur-artificial-plants.co.uk/pub/media/catalog/product/cache/10f519365b01716ddb90abc57de5a837/1/4/140108.jpg'),(36,'Ficus elastica Tineke','수채화 고무나무','잎','쉬움',0,0,'21~25°C','40~70%','주 2회','수채화 고무나무는 인도고무나무의 한 품종이에요. 따뜻한 온도와 밝은 빛 조건만 맞춰준다면 쉽게 키울 수 있는 식물이에요. 다만, 고무나무 수액에는 독성이 있으니 어린아이와 반려동물로부터 멀리해야 합니다.','http://cdn.shopify.com/s/files/1/0151/1650/1046/products/Ficus_Elastica_Tineke_Ceramic_Pot_Carlos_Taupe_Indoor_Plants_NZ_grande.jpg?v=1602191331'),(37,'Ficus lyrata','떡갈잎 고무나무','잎','쉬움',0,0,'16~20°C','40~70%','주 1회','뽕나무과 식물인 떡갈잎 고무나무는 바이올린을 닮은 크고 넓은 잎으로 중후함을 떡갈나무의 잎을 닮아 \'떡갈잎 고무나무\'라고 불러요. 고무나무 종류는 키우기 쉽고 손이 많이 안 가는 편이라 꾸준히 인기가 많은 식물이랍니다. 다만, 하얀 진액에 독성이 있어서 반려동물과 어린아이가 있는 곳에서는 주의해서 키워 주세요.','https://i.pinimg.com/564x/43/f5/06/43f5060f4a66ceaf77030d87563add2b.jpg'),(38,'Fittonia verschaffelti White Star','피토니아 화이트스타','잎','보통',0,0,'21~25°C','40~70%','주 1회','고온다습하고 통풍이 원활한 밝은 그늘이나 반그늘에서 잘 자란다. \n\n갑자기 강한 햇빛에 노출되면 잎이 타기 쉽다.','https://cdn.shopify.com/s/files/1/0416/1905/products/uIx55OfyA3.jpg?v=1605856029'),(39,'Gardenia jasminoides','치자나무','잎, 꽃, 열매','쉬움',1,0,'21~25°C','40~70%','2주 1회','오밀조밀한 잎 사이로 눈부시게 하얀 꽃이 피어올라 신부의 드레스를 연상케 하는 치자나무에요. “한없는 즐거움과 행복”이라는 꽃말을 가진 치자는 새로운 출발을 앞둔 소중한 사람에게 선물하기 좋은 아이랍니다. 뿐만 아니라 늦봄의 정원이 떠오르는 치자꽃의 향기는 ‘가드니아’라는 이름의 향수로 태어나 사랑받고 있을 만큼 향기롭지요. 치자는 밝은 햇빛을 보면 기분이 좋지만 건조하면 잎이 떨어지니 습도 조절을 잘 해주세요.','https://www.plantsguru.com/image/cache/azalea/gardenia-ananta-800x800.jpeg'),(40,'Guzmania lingulata','구즈마니아','잎, 꽃','보통',0,0,'21~25°C','40~70%','주 1회','식물체 중심 잎과 잎 포기 사이 물통에 물이 고이도록 함','https://blog.kakaocdn.net/dn/Nx338/btqKrLFfvBQ/K3knZRghAciSgEP1zjgFuK/img.jpg'),(41,'Haemaria discolor dawsoniana','해마리아','잎, 꽃','어려움',0,0,'21~25°C','40~70%','주 2회','해마리아 잎의 앞면은 광택이 나고 녹색 바탕에 유백색 또는 흰색 줄 무늬를 가졌어요. 실내의 반그늘에서 잘자라며 충분히 물을 주고 잎사귀에도 물을 뿌려 주며 공중 습도를 높게 유지해주세요.','https://phinf.pstatic.net/checkout.phinf/20200918_238/16004150375962iPuh_JPEG/review-attachment-711fd29a-f659-439c-9685-fd8ab0d513c9.jpeg?type=w640'),(42,'Hedera helix','헤데라 (아이비)','잎, 덩굴','쉬움',0,1,'16~20°C','40~70%','주 2회','아이비는 더운 것을 싫어하므로 너무 더운 곳은 피하고 조금 서늘한 곳에서 키우는 것이 좋아요. 주위가 건조할 때는 잎에 자주 분무해주세요!','https://www.goinggreens.in/pub/media/catalog/product/cache/48f91f7ae8320b9dd44d843d5aa9bcbf/e/n/english_ivy.jpg'),(43,'Hemionitis arifolia','헤미오니티스 (하트펀)','잎','보통',0,0,'21~25°C','70%이상','주 2회','하트 모양의 잎이 매력적인 관엽식물이다. Soil Type:  Use a GOOD rich potting soil (a soil that retains water yet drains well), such as an African violet mix. If you want to mix your own take: 2 parts garden soil, 2 parts humus (leaf mold), 1 part coarse sand or perlite, 1 part rinsed aquarium charcoal chips and a little fine grade fir bark. Always use a pot with a hole.  \n\nGrowing Ease:  Requires extra care','https://www.plantler.com/wp-content/uploads/2020/08/Hemionitis-Arifolia-12-Plantler-1.jpg'),(44,'Heteropanax fragrans','해피트리','잎','보통',0,1,'21~25°C','40~70%','주 1회','행운과 제물을 가져다준다고 하는 해피트리는 중국에서는 \'부귀수\' 라고 불려요. 푸른 잎이 시원해보이는 외모를 갖고 있어요. 흰 방울 꽃과 비슷한 꽃을 피운답니다. 해피트리는 과습한 환경보다 건조하게 키우는게 좋아요.','https://www.f-mans.com/data/goods/1/2020/06/109_2020062410100719.jpg'),(45,'Hoya carnosa','호야 카르노사 (무늬 호야)','잎, 꽃, 덩굴','보통',0,1,'21~25°C','40~70%','주 1회','동남아와 호주에서 온 호야 카르노사는 현지에서 나무껍질, 돌 틈에 착생해요. \'Wax plant\' 라는 영명을 지니고 있는 호야는 왁스칠을 한 듯, 광택이 나는 잎을 가지고 있어요. 건조하게 관리하는게 좋으며 과습에 약해요.이쁜 꽃을 보기 위해서는 5~9월 사이, 낮 12시간 이상 한 달 넘게 빛을 받아야 해요. 온도변화에 민감해서 한 공간에서 키우는게 좋아요. 향기나는 분홍, 흰색 꽃을 피우는 호야의 잎은 다육질로 이루어져 있고 매년 꽃이 피는 자리에서 꽃이 피어요. 늘어지듯이 자라서 행잉화분에 심어 공중에 매달아서 많이 키워요.\n','https://i.pinimg.com/originals/1c/32/7e/1c327eb9f3d9e29d823e5840b8c2e628.jpg'),(46,'Humata tyermannii','후마타 고사리','잎','쉬움',0,1,'16~20°C','70%이상','주 2회','후마타 고사리는 털이 있는 근경 부분이 독특한 고사리에요. 성장하면서 점점 근경이 퍼져 나가는데, 거미발을 닮았어요. 습한 곳을 좋아하지만 다소 건조한 곳에서도 적응을 잘 하는 편이에요. 물만 말리지 않는다면 사계절 푸르고 하늘하늘한 후마타 고사리를 볼 수 있을거에요.','http://image.auction.co.kr/itemimage/18/2a/83/182a832796.jpg'),(47,'Hypoestes phyllostachya ','히포에스테스','잎, 꽃','쉬움',0,0,'21~25°C','40~70%','주 2회','녹색 바탕에 붉은색, 흰색, 분홍색 등의 반점이 불규칙적으로 분포해 있으며 빛의 양에 따라 잎에 나타나는 점무늬의 색이나 크기가 달라져 매우 화려하고 독특한 느낌을 주는 식물입니다.','https://uk.artplants.de/media/catalog/product/cache/5/image/e4d92e6aceaad517e7b5c12e0dc06587/5/1/51566-nr-1.jpg'),(48,'Iberis sempervirens','이베리스','잎, 꽃','보통',0,0,'21~25°C','40~70%','주 1회','하얀 눈처럼 순수하고 청아한 꽃이에요. 추위를 잘 견디는 편이라서 겨울 베란다에서도 걱정없이 키울 수 있답니다. 봄이되고나서까지도 계속 꽃이 피기 때문에 시든 꽃을 꼭 따주세요. 마른 꽃을 남겨두면 영양이 모두 가기 때문입니다. ','http://selflower.godohosting.com/dlqpfltm_whiteout.jpg'),(49,'Impatiens hawkeri','뉴기니아봉선화','꽃','쉬움',0,0,'21~25°C','40%이하','주 2회','가지와 줄기는 자줏빛이고 가지가 많이 갈라지며 봉선화처럼 수분이 많아요. 높이는 60cm, 잎은 어긋나지만 윗줄기 부분에서는 돌려난 것처럼 보이며, 잎자루가 길고 가장자리에 톱니가 있어요. 중성식물로 계절에 관계없이 꽃이 잘 핀답니다.','http://nongsaro.go.kr/cms_contents/301/13218_MF_REPR_ATTACH_01.jpg'),(50,'Ixora chinensis','익소라','잎, 꽃','보통',0,0,'21~25°C','40~70%','주 2회','익소라는 일조량이 부족하면 꽃이 엉성하게 피기 때문에 햇빛이 잘 들고 통풍이 잘 되는 곳에 두고 키우면 좋아요. 꽃이 피기 전에는 물을 잘 주고, 꽃이 피고 난 후에는 일주일에 한 번 씩 물을 주면서 키우면 다음에 꽃이 잘 펴요.','https://image2.xplant.co.kr/data/item/15933/1593326748_l1.jpg'),(51,'Kalanchoe blossfeldiana','칼랑코에','꽃','쉬움',0,1,'16~20°C','40~70%','2주 1회','공기정화 식물 중에서도 화려하게 꽃을 피는 칼랑코에는 대표적으로 칼랑코에와 칼란디바가 있어요. 칼랑코에의 경우 홑꽃을 피우고 칼란디바의 경우 여러개의 겹꽃을 피워요. 건조한 환경에서 잘 버티는 칼랑코에지만 따듯하고 습한 환경에서 잎 가장자리에 새로운 잎이 나와요. 꽃을 피우기 위해서는 빛을 차단시켜 주면 되요. 햇빛을 보는 시간이 짧아지는 겨울철에 자연적으로 피운답니다.','https://www.viverosgonzalez.es/4151-whatnew_default/kalanchoe-blossfeldiana-c11.jpg'),(52,'Leptospermum scoparium','호주매화 (마누카)','꽃','보통',0,0,'21~25°C','40~70%','2주 1회','호주 매화는 유칼립투스와 친척인 도금양과 식물이에요. 티트리의 잎과 닮아서 뉴질랜드 티트리라고도 불린답니다. 진한 녹색의 뾰족한 잎과 붉은색 꽃의 조화가 아름다워 인기가 많아요. 호주 매화는 물을 말리면 한순간에 잎이 바싹 마를 수 있어요. 또한 꽃이 피는 시기에 판매가 많이 되는데, 꽃망울이 있는 상태에서 분갈이는 식물에게 치명적일 수 있으니 꽃이 지고 난 후 분갈이를 해주는 것이 좋아요.','https://honestflower.kr/images/products/5d70fc7057a2393cfe5b4fc4/800/0302.jpg'),(53,'Maranta leuconeura','마란타 레우코네우라','잎','쉬움',0,0,'16~20°C','40~70%','주 1회','마란타과 식물 마란타 레우코네우라는 키가 많이 크지 않고 옆으로 뻗어 나가는 습성이 있어요. 잎무늬가 붉은색으로 뚜렷하고 알록달록해 색깔과 모양이 이쁜 식물이에요. \'prayer plant\' 라는 영어이름을 가지고 있는 마란타는 새벽에 잎이 펴지고 기도 할 때 쯤, 잎이 접힌다고 하여 이름이 지어졌어요. 이 행동은 잎의 습도를 유지하기 위해서 하는 행동이에요. 비슷한 식물인 칼라데아가 있어요. 추위에 약한 편이며 잎끝이 탈 땐 분무를 통해 공중의 습도를 높여주는 것이 좋아요.','https://sherriesestates.com/wp-content/uploads/2021/01/OZMARFAS12.jpg'),(54,'Mentha piperita','페퍼민트','잎','쉬움',1,1,'21~25°C','40~70%','주 1회','꿀풀과 식물 허브, 페퍼민트는 워터 민트와 스피아 민트 사이에서 자연적으로 태어난 종이에요. 줄기의 모양은 사각이에요. 상쾌한 향이 나고 식용 및 아로마 테라피용으로 가장 인기가 있어요. 차로도 마시며 요리에도 쓰이는 페퍼민트는 두통 완화와 소화에 좋은 효능을 가졌어요.','https://cdn11.bigcommerce.com/s-3a521/images/stencil/1280x1280/products/51/425/Peppermint__04121.1456781014.jpg?c=2'),(55,'Monstera deliciosa','몬스테라 델리시오사','잎, 덩굴','쉬움',0,1,'16~20°C','70%이상','주 2회','남미 열대 우림 출신의 몬스테라 델리시오사는 큰 나무를 타고 올라가는 습성이 있는 덩굴성 식물이에요. 감각적인 식물, 공기 정화 식물로 사랑받고 있어요. NASA가 선정한 대기 오염 물질을 줄이는데 효과적인 식물인 반면, 독성이 있어서 아이와 반려동물이 있다면 주의를 기울여야 하는 친구예요.','https://cdn.shopify.com/s/files/1/0150/6262/products/the-sill_monstera_variant_medium_acadia_white_1440x.jpg?v=1619136088'),(56,'Myrtillocactus geometrizans','용신목','선인장/다육','쉬움',0,0,'21~25°C','40%이하','한 달 1회','멕시코에서 온 용신목은 \'만세 선인장, 양팔 선인장\' 이라는 별명을 가지고 있어요. 푸르스름한 청록빛을 지니고 있는 용신목은 현지에서 4~5m 까지도 자라나는 식물이랍니다. 용신목의 곧은 모습은 공간에 모던한 매력을 더해줘요.\r','https://cdn.imweb.me/upload/S201803085aa0ec3c669e0/5cda6ef86df62.jpg'),(57,'Nandina domestica','남천','잎, 열매','쉬움',0,0,'16~20°C','40~70%','주 1회','남천은 여유있는 느낌의 나풀거리는 잎이 멋진 식물이에요. 대나무와 올리브 나무를 섞어놓은 듯한 모습에, 가을에 빨갛게 물드는 단풍잎이 정말 사랑스러워요. 추위에도 아주 강해서 조경수로도 많이 활용되고 있어요. 햇빛을 좋아하지만, 다소 빛이 부족한 곳에서도 잘 자라는 편이에요.','http://image.auction.co.kr/itemimage/17/2a/03/172a030a01.jpg'),(58,'Neoregelia carolinae','네오레겔리아','잎, 꽃','보통',0,1,'16~20°C','70%이상','주 1회','얼룩이 있는 잎의 색과 모양이 특징적이며 특히 포기 중심의 빨간 물을 들인 듯한 색상이 고와요. 튼튼하고 추위에 강하며 번식력이 강해요. ','https://www.foliagedesign.com/wp-content/uploads/2014/08/pro_full_img_1297405957NeoregeliaTricolor.jpg'),(59,'Nephrolepis cordifolia Duffii','더피 고사리','잎','보통',0,0,'16~20°C','70%이상','주 2회','더피 고사리는 동글동글 단추같이 생긴 잎이 조로록 달려있는 고사리에요. 습한곳을 좋아하고 부드러운 햇빛을 좋아해요. 사람이 느끼기에 다소 축축하다고 느끼는 공간에서 가장 잘 자란답니다.','https://cdn.imweb.me/upload/S201905295cee7c0f94cee/25c05123f7a10.jpeg'),(60,'Nephrolepis exaltata Bostoniensis','보스턴 고사리','잎','쉬움',0,1,'16~20°C','70%이상','주 2회','보스턴 고사리는 공기정화능력 중에서도 포름알데히드와 담배냄새를 흡수하는 능력이 뛰어난 식물이에요. 함께 사용하는 사무실 테이블 위에 두거나 애연가들이 밀집된 공간인 회의실에 두면 더욱 그 가치를 발할 거에요. 또한, 무독성 식물이기 때문에 반려동물을 안전하게 지켜주는 친화적인 식물이라는 장점도 있습니다. ','https://i.pinimg.com/474x/f1/b4/fd/f1b4fd228c5d04340604cea57d460bd3.jpg'),(61,'Oncidium spp','온시디움','꽃','보통',1,1,'21~25°C','40~70%','2주 1회','작은 꽃이 많이 피는 온시디움은 아주 매력적인 양란입니다. 그 모양이 나비떼들이 바람에 살랑이는 것 같기도 하고, 마치 조그만 아가씨들이 드레스를 입고 춤을 추는 것 같기도 하지요. ','https://cdn11.bigcommerce.com/s-f41fa/images/stencil/1280x1280/products/337/4211/2020-06-20_11.13.36__30905.1592966053.jpg?c=2'),(62,'Opuntia microdasys','백도선','선인장/다육','쉬움',0,0,'21~25°C','40%이하','한 달 1회','토끼귀를 닮은 귀여운 모습과는 다르게 백도선은 정열의 나라 멕시코에서 온 선인장과 식물이에요. 피부를 찌르지 않는 흰 가시를 가지고 있지만 가시의 크기가 얇고 작아서 피부에 자극을 줄 수 있으니 주의해야해요. 밤에는 실내의 이산화탄소를 제거 기능이 있어서, 방안에 두면 좋은 CAM 식물이에요.','https://huga.s3.ap-northeast-2.amazonaws.com/plantImages/156957420873401_hwahwaga_plant_43708293_724703084570653_8605766855182707792_n.jpg'),(63,'Oxalis triangularis','보라 사랑초','잎, 꽃','보통',0,0,'16~20°C','40~70%','주 1회','괭이밥과 식물, 자주 사랑초는 하트모양의 보라색 잎을 가졌어요. 연분홍색의 사랑스러운 꽃을 피어내 많은 사람들에게 사랑받는 식물이에요. 생명력이 강한 자주 사랑초는 따듯하고 햇빛이 잘 드는 환경에서 잘 자라요. 추운 겨울에는 구근상태로 휴면기를 지내고, 따뜻한 봄이 오면 다시 잎이 나와요. 햇빛에 민감하게 반응하는 보라 사랑초는 낮에는 햇빛을 보기 위해 잎을 활짝 열지만 밤의 경우 잎끼리 모여 서로 닫아버려요. 낮에도 잎이 닫혀 있다면 물주기가 필요한 시점이에요.','https://cdn.shopify.com/s/files/1/0748/9875/products/image_ed882891-2ce2-4288-97e7-ebea59c9c436_800x.jpg?v=1599745099'),(64,'Pachira aquatica','파키라','잎','보통',0,0,'21~25°C','40~70%','주 1회','외국에서는 Money tree라고 불리우고, 잎과 꽃은 채소처럼 식용하고, 열매는 땅콩맛이 난다.','https://media.jardinitis.com/product/castano-de-guayana-pachira-aquatica-planta-de-interior-o12-cm-h30-cm-800x800.jpg'),(65,'Paphiopedilum hybrids','파피오페딜럼','잎, 꽃','어려움',0,0,'21~25°C','70%이상','2주 1회','파피오페딜룸은 주머니 모양이 있는 특이하고 화려한 꽃으로 유명해요. 성장이 느린 편이고 자주 꽃이 피지 않지만 한 번 피우면 아주 오래 지속되는 식물이랍니다. 카틀레야, 심비디움과 함께 대표적인 난 종류이며 호접란이나 카틀레야 정도가 일반인에게 인기있는 것에 비해 생소하게 여겨지지만 난 애호가 중에는 파피오페딜룸의 매력에 빠진 사람이 많다고 해요.','https://i.pinimg.com/originals/ac/39/0e/ac390e46ed970477702c51bde5638e22.jpg'),(66,'Pelargonium hortorum','제라늄','잎, 꽃','쉬움',1,1,'21~25°C','40~70%','주 1회','제라늄은 잎과 꽃의 모양이 다양하고 온도만 맞는다면 일년 내내 꽃을 볼 수 있어 사랑받는 식물이에요. 조날, 아이비, 리갈, 스텔라 등 다양한 종류가 있고 다양한 잎 색을 가진 팬시리프 종류도 있어요. 꽃이 아름답고 교배를 통해 다양한 꽃을 만들어 낼 수 있어 매니아층이 두터운 식물이에요. 우리가 알고있는 제라늄의 진짜 이름은 펠라고늄(Pelargonium) 이랍니다.','https://www.beekenkamp.nl/plants/app/uploads/2020/07/22656-1-cfda4c073f24872638d205a213fa8b36.jpg'),(67,'Peperomia sandersii','수박 페페로미아','잎','보통',0,1,'21~25°C','40~70%','주 1회','브라질에서 온 \'수박 페페로미아\'는 잎의 무늬가 수박 모양을 닮았어요. 잎의 모양은 원형으로 둥글고 한 쪽 끝이 뾰족하게 나와있어요. 잎을 반으로 잘라 흙에 심어 놓으면 번식이 가능해요. 여러개를 모아 심어 풍성하게 연출해도 좋아요. 과습에 약한 편이어서 물은 아껴서 주는 것이 좋아요.','https://cdn.shopify.com/s/files/1/0150/6262/products/the-sill_faux-watermelon-peperomia_variant_small_bryant_cream_1440x.jpg?v=1612303806'),(68,'Phalaenopsis spp','팔레놉시스 (호접란)','잎, 꽃','어려움',0,0,'21~25°C','40~70%','주 1회','호접란은 ‘행복이 날아온다, 당신을 사랑합니다’ 라는 꽃말을 가지고 있어 선물용으로 인기가 많죠. 호접란은 여성스러우면서 단단한 선을 가지고 있는 아름다운 서양란입니다. 실제로 난은 여성스러운 겉모습과는 다르게 무척 단단한 성질을 가지고 있어서 며칠 동안 물을 주지 않아도 거뜬히 버틸 수 있기도 해요. 보이는 모습은 부드럽고 우아하지만 내면은 단단한 외유내강형 여성을 떠올리게 하는 난이죠. 호접란은 어느 꽃이나 마찬가지겠지만 실물로 봤을 때 그 진가가 더 빛나는 난이기도 합니다.','https://contents.sixshop.com/thumbnails/uploadedFiles/20883/product/image_1529748869719_750.jpg'),(69,'Philodendron Lemon Lime','필로덴드론 레몬라임','잎, 덩굴','보통',0,0,'21~25°C','40~70%','주 1회','필로덴드론 레몬라임은 상큼한 연두색 잎을 가진 식물이에요. 새잎은 노랗게 나와서 성장하면서 점점 연두색으로 변해요. 잎에서 빛이 나는 느낌이어서 형광 필로덴드론이라고 불리기도 해요.','https://cdn.shopify.com/s/files/1/0212/1030/0480/products/Philodendron-Lemon-Lime-In-Home.jpg?v=1597682368'),(70,'Philodendron selloum','필로덴드론 셀로움','잎','보통',0,1,'21~25°C','40~70%','주 1회','우리나라 꽃시장에서는 \'셀렘\'이라고 유통되지만 실제 이름은 \'셀로움\'이에요. 셀로움은 곧게 뻗은 줄기와 곡선이 많은 잎에서 매력을 찾을 수 있어요. 잎의 모양이 몬스테라 델리시오사와 닮았어요. 흙 위로 공중 뿌리가 자라나는데 흙을 덮지 않아도 된답니다. 필로덴드론 품종중 셀로움은 비교적 건조함에 강하고 실내등에서도 키울 수 있는 친구에요.','https://cdn.shopify.com/s/files/1/0174/7796/products/DSC00907.jpg?v=1595900072'),(71,'Phlebodium aureum','블루스타 고사리','잎','쉬움',0,1,'16~20°C','70%이상','주 1회','블루스타 고사리는 키우기 까다롭지 않은 데다 은청색의 잎이 아름다워서 고사리 중에서도 인기가 많은 식물이에요. 열대 우림에서 키 큰 나무에 붙어 사는 착생 고사리라서 실내에서 강한 빛 없이도 무난하게 키울 수 있어요. 게다가 독성도 없어서 반려동물과 어린 아이에게도 안전하답니다.','https://cdn.shopify.com/s/files/1/0151/1650/1046/products/Phlebodium_aureum_blue_star_fern_indoor_pot_plants_oslo_grey_planter_2400x.jpg?v=1566434035'),(72,'Pilosocereus pachycladus','금청각','선인장/다육','쉬움',0,0,'21~25°C','40%이하','한 달 1회','금청각은 정열의 나라 남미 브라질 아타카마 사막에서 온 식물이에요. 파란 횃불 선인장으로 불리는 금청각은 브라질에서는 10m 이상 자라나는 큰 식물이며 가시와 흰 털을 지니고 있어요. 사막 환경에서 자라는 금청각은 더위와 건조에도 강해요. 오래 키운 금청각 일 수록 은백색이 진해진답니다 :)','http://image.auction.co.kr/itemimage/11/20/ca/1120ca6f81.jpg'),(73,'Pittosporum tobira','돈나무','잎, 꽃, 열매','쉬움',1,0,'16~20°C','40~70%','주 1회','돈나무는 관리가 쉽고 생장 속도는 느린 편이라고 할 수 있어요. 잎은 화려하면서도 두껍고 선명하며 잎의 광택이 있다는 점도 금전수의 대표적 특징이랍니다. 원산지로는 아프리카 동부 케냐와 남부 지역이며, 토양 타입으로는 중,산성으로 관리해주시는게 좋아요.','https://www.grupohijuelas.cl/wp-content/uploads/2018/02/Pitosporum_Tobira_Enano_m24-1.jpg'),(74,'Plectranthus hadiensis tomentosus','장미허브','잎','쉬움',1,1,'21~25°C','40~70%','주 1회','좋은 향이 나고 잎이 나오는 모양이 장미 꽃을 닮아 장미허브라고 불려요. 도톰한 톱니모양의 귀여운 잎을 가졌고, 나무처럼 자라는 성질이 있어 가지치기를 통해 작고 귀여운 수형으로 키울 수 있어요.','http://th1.tmon.kr/thumbs/image/327/235/07b/4fcf31e49_700x700_95_FIT.jpg'),(75,'Rhapis excelsa','관음죽','잎','보통',0,1,'16~20°C','40~70%','주 1회','아시아 지역에서 온 관음죽은 일본의 관음산에서 자라는 대나무라 하여 이름이 붙여졌어요. 5~7개로 갈라지는 잎은 모양이 손바닥을 닮았으며 야자과에 속하는 친구라 시원한 분위기를 연출할 수 있어요. 그늘과 추위에도 잘 견디고, 병해충에도 강하기 때문에 초보 가드너에게 추천하는 식물이에요. 수경재배로 키울 수도 있어서 집안에 흙을 두고 싶지 않는 사람들에게도 좋아요. 관음죽은 암모니아와 이산화탄소 흡수에 뛰어나고, NASA에서 발표한 공기정화 식물 2위이기도 해요.','https://cdn.shopify.com/s/files/1/0068/4215/5090/products/LadyPalmLivelyRoot.jpg?v=1618349192'),(76,'Saintpaulia spp','아프리칸 바이올렛','잎, 꽃','보통',0,0,'16~20°C','40~70%','주 1회','아프리칸 바이올렛은 청초하게 생긴 꽃이 매력적인 식물이에요. 흰색, 파란색, 보라색, 분홍색 등 다양한 꽃 색을 갖고있어요. 키우기 어렵지 않아 초보자들에게도 추천하고 싶은 식물이에요.','https://huga.s3.ap-northeast-2.amazonaws.com/plantImages/1590393174738frederika88_87222472_175934877161028_5363995552923192707_n.jpg'),(77,'Sansevieria cylindrica','스투키','잎','쉬움',0,0,'21~25°C','40~70%','한 달 1회','건조하고 따뜻한 아프리카에서 온 스투키는 강한 생존력으로 식물을 처음 키우는 사람들에게 많이 추천하는 식물이에요. 사실 ‘스투키’라는 식물은 우리가 키우는 스투키와는 다른 식물이에요. 국내에서 유통되는 스투키의 대부분은 ‘실린드리카’라는 식물이랍니다. 스투키와 비슷하게 생겼지만 성장 속도가 빨라서 성장 속도가 느린 스투키 대신 유통되고 있어요. 밤에 산소를 내뿜어 침실에 적합한 식물로 인기가 좋지만, 독성이 있어서 반려동물과 어린아이가 먹지 않도록 조심해야 합니다.','http://cereshome.co.kr/web/product/small/20200420/659ff6db3048df1a413a053655c22ebb.jpg'),(78,'Sansevieria trifasciata','산세베리아','잎','쉬움',0,1,'21~25°C','40~70%','주 1회','산세베리아는 아스파라거스과의 식물로 잎의 무늬가 뱀 껍질처럼 생겨서 \'Snake plant\' 라는 영어 이름을 가지고 있어요. 물을 자주 주지 않고 병해충에도 강한 편이어서 키우기 쉬워요. 번식이 쉬운 산세베리아는 잎을 잘라서 흙 위에 꽂아두면 뿌리가 내려요. 반려동물이 잎을 씹었을 때 독성이 있으니 주의해야 해요.','https://i.pinimg.com/564x/ab/b3/39/abb3393f99046168c52e8b7c43f283f0.jpg'),(79,'Senecio rowleyanus','녹영','선인장/다육, 덩굴','보통',0,0,'16~20°C','40~70%','2주 1회','녹영은 국화과의 식물로 콩란이라고도 불리는 식물이에요. 작고 예쁜 완두콩 모양의 덩굴 모양으로 자라나며 외국에서는 진주목걸이라는 이름으로 불리기도 한답니다. 늘어지며 자라는 성질이 있어 행잉 화분에 심어 공중에 걸어두어도 좋아요.','http://cdn.shopify.com/s/files/1/0150/6262/products/the-sill_faux-string-of-pearls_variant_small_bryant_mint.jpg?v=1615495993'),(80,'Soleirolia soleirolii','천사의 눈물 (솔레이롤리아)','잎','보통',0,0,'16~20°C','40~70%','2주 1회','천사의 눈물 혹은 또래기라고 불리는 솔레이롤리아 솔레이롤리는 가는 줄기에 빼곡한 작은 잎새들로 이루어진 식물이에요. 솔레이롤리아는 공기 정화와 습도 조절에 탁월하며, 번식력이 좋아 초보자도 쉽게 키울 수 있답니다. 그늘에서 잘 자라는 식물로 햇빛에 하루 종일 노출하기 어려운 사무실에서도 기르기 좋은 식물이에요.','https://cdn.shopify.com/s/files/1/0279/1125/8211/products/600_1050x1400.jpg?v=1611324189'),(81,'Spathiphyllum wallisii','스파티필룸','잎, 꽃','보통',0,1,'21~25°C','40~70%','주 1회','스파티필름은 공기 정화 능력이 매우 뛰어난 식물이에요. 게다가 빛이 많이 들지 않는 환경에서도 잘 견디고 꽃도 피우기 때문에 인기가 많은 식물이랍니다. 반면, 잎에 독성이 있어 아이가 있는 집이나 반려동물이 있는 집에서는 주의해서 키워야 해요.','https://www.mydomaine.com/thmb/9aB79USSkhiCVgGyXh1TBSvM7v8=/900x900/filters:fill(auto,1)/1566417254329_20190821-1566417255317-b9314f1d9f7a4668a466c5ffb1913a8f.jpg'),(82,'Syngonium podophyllum','싱고니움','잎, 덩굴','보통',0,1,'21~25°C','40~70%','주 2회','싱고니움의 잎의 모양은 화살촉 모양과 비슷해서 \'Arrow Head Plant\'라고 불리기도 해요. 반그늘과 따듯한 환경을 좋아하는 거실과 사무실에 두면 좋은 식물이에요. 잎을 자르면 나오는 수액에 독성이 있으니 아이가 있는 집이나 반려동물이 있는 집에는 주의해서 키워야 해요. 빛을 향해 잎이 자라는 특징이 있어서 잎이 햇빛을 골고루 받을 수 있게, 화분을 돌려가며 키워주세요.\n','https://s7d1.scene7.com/is/image/terrain/56956386_000_a?$zoom2$'),(83,'Tillandsia cyanea','틸란드시아 키아네아','잎, 꽃, 공중','보통',0,0,'21~25°C','40~70%','주 1회','키아네아는 \'푸른 풀물이 짙게 염색 되었다\'는 뜻으로 이에요. 보통의 틸란시아와 다르게 잎의 한가운데 있는 분홍색 포엽이라는 곳에서 보라색 꽃이 피고 언뜻보면 무늬가 없는 접란을 닮았어요. 공기중의 미세먼지를 먹고 자라는 키아네아는 파인애플과에 속하는 친구에요. 건조한 지역에서 온 키아네아는 다른 식물보다 물이 없고 자라기 힘든 곳, 모래와 절벽에서도 자라난답니다. 유럽에서는 키아네아의 꽃을 좋아해서 번식을 통해 많은 판매가 이루어진답니다.','https://www.orchidee-diffusion.com/medias/images/tillandsia-cyanea-anita-achat-vente.jpg'),(84,'Tillandsia usneoides','수염틸란드시아','잎, 덩굴, 공중','보통',0,1,'21~25°C','70%이상','주 1회','북아메리카에서 스페니쉬모스라고도 불리는 수염 틸란시아는 흙없이 키우는 공중식물이에요. 수염 틸란시아는 생김새와 다르게 파인애플과 식물이에요. 미세먼지 흡수에 탁월한 수염 틸란은 빛을 많이 받지못하면 흰 무늬가 옅어진답니다. 줄기에 붙어있는 하얀 털(트리콤)으로공기중에 있는 먼지와 습도를 통해 영양분을 흡수해요. 큰 공간을 차지 하지 않기 때문에 인테리어용으로 두면 공간활용과 은은한 분위기를 연출할수 있어요.','https://greenlifestylestore.nl/wp-content/uploads/2016/07/Tillandsia-usneoides-airplant.jpg'),(85,'Tolmiea menziesii','톨미아','잎','보통',0,0,'21~25°C','40~70%','주 2회','잎 가운데에서 모종이 자라는 신기한 톨미아에요. 물을 좋아하고 음지에서는 급성장을 해서 금새 풍성하게 자라기도 해요. 여리여리한 식물이지만 반 그늘에서도 잘 자란답니다.','https://t1.daumcdn.net/cfile/blog/161A203B4F72865633'),(86,'Tradescantia sillamontana','털달개비','잎, 꽃','보통',0,0,'21~25°C','40~70%','2주 1회','털달개비는 트라데스칸티아 실라몬타나의 유통명으로 영명은 White Velvet 이라고 해요. 멕시코 북동부지역 원산의 닭의장풀과 자주달개비속의 여러해살이풀로, 비단처럼 곱고 눈처럼 하얀 털이 식물체 전체를 덮고 있어서 백견희 또는 백설희라고도 불려요. 성질이 강건하고 번식력이 강하고 줄기가 약간 직립성이고 키는 60센티 정도로 자라며 식물 전체에 흰 털이 자라는 아이에요. 여름부터 솜털 보송보송한 잎 사이로 노란 수술이 달린 홍자색 꽃이 앙증맞게 피고 꽃은 매일 한 송이씩 피었다 진답니다. 꽃말은 <순간의 즐거움>','https://i.pinimg.com/originals/8f/cb/38/8fcb3841b866b388c76491e17e3b0dba.jpg'),(87,'Tradescantia zebrina','얼룩자주달개비 (제브리나)','잎','쉬움',0,0,'21~25°C','40~70%','주 1회','얼룩자주달개비는 멕시코산이며 관엽식물이에요.  줄기는 덩굴성이고 가지가 갈라지며 마디에서 뿌리가 내리면서 왕성하게 퍼져가요. 잎은 어긋나고 긴 타원형이며 밑부분은 줄기를 감싸고 표면은 은백색이며 자줏빛 무늬가 있답니다. 생명력과 번식력이 강해서 초보자에게 추천하는 식물이에요.','https://i.pinimg.com/564x/1d/82/f7/1d82f720bf1b062038c64cbb81a3879b.jpg'),(88,'Yucca','유카','잎','쉬움',0,0,'21~25°C','40~70%','2주 1회','유카는 아가베 아테누아타와 같은 과의 식물이에요. 생김새는 날카로운 잎이 이국적이고 잎이 곧게 뻗어 있어요. 잎의 가장자리에 흰 실이 있는 유카를 \'실유카\' 라고 부르고 실 없는 유카를 \'유카\'로 불러요. 유카의 경우 허브의 한 종류로 미용, 화장품에 추출물로 사용되고 과거의 실유카의 경우 실을 뜯어내어 천을 만드는 섬유로 사용하기도했어요. 유카는 햇빛을 좋아해서 제주도와 같이 따듯한 지역에서는 야외에서도 자랄 수 있어요.','https://i.pinimg.com/564x/cc/bb/6f/ccbb6f2795d1912fe0cff3fceb7e21c0.jpg'),(89,'Zamia pumila','멕시코소철','잎','쉬움',0,0,'21~25°C','40~70%','주 1회','멕시코 소철은 멕시코가 원산지인 잎이 넓은 소철이에요. 흔히 소철이라고 하면 뾰족 뾰족한 잎을 생각하지만 멕시코 소철은 둥글고 넓은 잎을 가지고 있답니다. 햇빛을 좋아하고 건조에 강한편이어서 그늘진 곳에서 기르면 웃자라서 잎 사이의 간격이 멀어질 수 있어요.','https://smlycdn.akamaized.net/data/product2/2/092a87a29b0c0d78794d4ad5638522bbee41b746_l.jpg'),(90,'Zamioculcas zamiifolia','금전수 ','잎','쉬움',0,1,'16~20°C','40~70%','2주 1회','잎이 동전 모양을 닮아서 금전수라고 불리는 이 식물은 \'부자 되라\'는 의미로 개업, 집들이 선물로 인기 있는 식물이에요. 폭우가 내리는 기간과 비가 오지 않아 건조한 기간이 공존하는 동아프리카가 원산지랍니다. 극단적인 환경에 잘 적응했기 때문에 다양한 환경에서 잘 견디는 편이에요. 배수가 잘되는 흙에 심어주고 물을 충분히 준다면 큰 문제 없이 잘 키울 수 있는 식물이랍니다. 독성이 있어서 반려동물과 어린아이가 있는 집이라면 주의를 기울여야 해요.','https://search.pstatic.net/sunny/?src=https%3A%2F%2Fi.pinimg.com%2F736x%2Fbc%2F4d%2F04%2Fbc4d040accd52dc351b9bf7dc241a193.jpg&type=sc960_832'),(91,'Lavandula','라벤더','잎, 꽃 ','쉬움',1,1,'21~25°C','40%미만','주 1회','허브의 일종인 라벤더는 꿀풀과 식물로 향긋한 향이 나는 식물이에요. 라벤더는 지중해가 원산지여서 햇빛이 잘 들고 바람이 잘 통하는 곳을 좋아해요. 향수와 아로마 테라피에서 사용되며 심리 안정과 불면증을 낫게하는데 도움을 줘요.','https://images.squarespace-cdn.com/content/v1/5bd18fa201232cf0e4c43796/1582273340497-22ZRTFK7VEQHQKCK3TI0/ke17ZwdGBToddI8pDm48kGRSxBrH0doquavmsTf3L3N7gQa3H78H3Y0txjaiv_0fDoOvxcdMmMKkDsyUqMSsMWxHk725yiiHCCLfrh8O1z5QPOohDIaIeljMHgDF5CVlOqpeNLcJ80NK65_fV7S1UXSu4jgUOkt-8VrkDSSUvkOrHZwVlBmB3E3JtR2GIRkUhbgHIlOZnMbp8Juz_4NGyw/Lavandula+Angustifolia+%27Hidcote+Blue%27');
/*!40000 ALTER TABLE `plant_info` ENABLE KEYS */;
UNLOCK TABLES;

--
-- Table structure for table `room`
--

DROP TABLE IF EXISTS `room`;
/*!40101 SET @saved_cs_client     = @@character_set_client */;
/*!40101 SET character_set_client = utf8 */;
CREATE TABLE `room` (
  `room_id` bigint(20) NOT NULL AUTO_INCREMENT,
  `uid` bigint(20) NOT NULL,
  `room_name` varchar(50) DEFAULT NULL,
  `theme` varchar(255) DEFAULT NULL,
  `flag` tinyint(4) DEFAULT 1,
  PRIMARY KEY (`room_id`),
  KEY `fk_Room_User1` (`uid`),
  CONSTRAINT `fk_Room_User1` FOREIGN KEY (`uid`) REFERENCES `user` (`uid`) ON DELETE NO ACTION ON UPDATE NO ACTION
) ENGINE=InnoDB AUTO_INCREMENT=131 DEFAULT CHARSET=utf8mb4;
/*!40101 SET character_set_client = @saved_cs_client */;

--
-- Dumping data for table `room`
--

LOCK TABLES `room` WRITE;
/*!40000 ALTER TABLE `room` DISABLE KEYS */;
INSERT INTO `room` VALUES (1,1,'음음','https://ssafybucket.s3.ap-northeast-2.amazonaws.com/12.jpg',1),(2,3,'gyuyeon','https://ssafybucket.s3.ap-northeast-2.amazonaws.com/DEFAULT_HOME_THEME.jpg',0),(3,3,'gyuyeon2','https://ssafybucket.s3.ap-northeast-2.amazonaws.com/DEFAULT_HOME_THEME.jpg',0),(4,3,'gyuyeon3','https://ssafybucket.s3.ap-northeast-2.amazonaws.com/DEFAULT_HOME_THEME.jpg',0),(5,3,'gyuyeon4','https://ssafybucket.s3.ap-northeast-2.amazonaws.com/DEFAULT_HOME_THEME.jpg',0),(6,3,'gyuyeon5','https://ssafybucket.s3.ap-northeast-2.amazonaws.com/DEFAULT_HOME_THEME.jpg',0),(7,3,'gyuyeon6','https://ssafybucket.s3.ap-northeast-2.amazonaws.com/DEFAULT_HOME_THEME.jpg',0),(8,3,'gyuyeon8','https://ssafybucket.s3.ap-northeast-2.amazonaws.com/DEFAULT_HOME_THEME.jpg',0),(9,3,'gyuyeon9','https://ssafybucket.s3.ap-northeast-2.amazonaws.com/DEFAULT_HOME_THEME.jpg',0),(10,3,'gyuyeon10','https://ssafybucket.s3.ap-northeast-2.amazonaws.com/DEFAULT_HOME_THEME.jpg',0),(11,3,'gyuyeon11','https://ssafybucket.s3.ap-northeast-2.amazonaws.com/DEFAULT_HOME_THEME.jpg',0),(12,3,'gyuyeon12','https://ssafybucket.s3.ap-northeast-2.amazonaws.com/DEFAULT_HOME_THEME.jpg',0),(13,3,'gyu13','https://ssafybucket.s3.ap-northeast-2.amazonaws.com/DEFAULT_HOME_THEME.jpg',0),(14,3,'gyuyeon14','https://ssafybucket.s3.ap-northeast-2.amazonaws.com/DEFAULT_HOME_THEME.jpg',0),(15,3,'gyuyeon15','https://ssafybucket.s3.ap-northeast-2.amazonaws.com/DEFAULT_HOME_THEME.jpg',0),(16,3,'gyuyeon16','https://ssafybucket.s3.ap-northeast-2.amazonaws.com/DEFAULT_HOME_THEME.jpg',0),(17,3,'g17','https://ssafybucket.s3.ap-northeast-2.amazonaws.com/DEFAULT_HOME_THEME.jpg',0),(18,3,'g18','https://ssafybucket.s3.ap-northeast-2.amazonaws.com/DEFAULT_HOME_THEME.jpg',0),(19,3,'g20','https://ssafybucket.s3.ap-northeast-2.amazonaws.com/DEFAULT_HOME_THEME.jpg',0),(20,2,'거실','https://ssafybucket.s3.ap-northeast-2.amazonaws.com/DEFAULT_HOME_THEME.jpg',0),(21,2,'안방','https://ssafybucket.s3.ap-northeast-2.amazonaws.com/DEFAULT_HOME_THEME.jpg',0),(22,3,'r21','https://ssafybucket.s3.ap-northeast-2.amazonaws.com/DEFAULT_HOME_THEME.jpg',0),(23,3,'r22','https://ssafybucket.s3.ap-northeast-2.amazonaws.com/DEFAULT_HOME_THEME.jpg',0),(24,3,'r23','https://ssafybucket.s3.ap-northeast-2.amazonaws.com/DEFAULT_HOME_THEME.jpg',0),(25,3,'r25','https://ssafybucket.s3.ap-northeast-2.amazonaws.com/DEFAULT_HOME_THEME.jpg',0),(26,3,'r4','https://ssafybucket.s3.ap-northeast-2.amazonaws.com/DEFAULT_HOME_THEME.jpg',0),(27,3,'dive','https://ssafybucket.s3.ap-northeast-2.amazonaws.com/DEFAULT_HOME_THEME.jpg',0),(28,3,'ocean','https://ssafybucket.s3.ap-northeast-2.amazonaws.com/DEFAULT_HOME_THEME.jpg',1),(29,3,'mountain','https://ssafybucket.s3.ap-northeast-2.amazonaws.com/DEFAULT_HOME_THEME.jpg',0),(30,3,'black','https://ssafybucket.s3.ap-northeast-2.amazonaws.com/DEFAULT_HOME_THEME.jpg',1),(31,6,'myroom','https://ssafybucket.s3.ap-northeast-2.amazonaws.com/DEFAULT_HOME_THEME.jpg',0),(32,6,'room3','https://ssafybucket.s3.ap-northeast-2.amazonaws.com/DEFAULT_HOME_THEME.jpg',0),(33,6,'room4','https://ssafybucket.s3.ap-northeast-2.amazonaws.com/DEFAULT_HOME_THEME.jpg',0),(34,6,'room4','https://ssafybucket.s3.ap-northeast-2.amazonaws.com/DEFAULT_HOME_THEME.jpg',0),(35,6,'room5','https://ssafybucket.s3.ap-northeast-2.amazonaws.com/DEFAULT_HOME_THEME.jpg',0),(36,6,'room6','https://ssafybucket.s3.ap-northeast-2.amazonaws.com/DEFAULT_HOME_THEME.jpg',0),(37,6,'hi','https://ssafybucket.s3.ap-northeast-2.amazonaws.com/DEFAULT_HOME_THEME.jpg',0),(38,6,'jeffrey','https://ssafybucket.s3.ap-northeast-2.amazonaws.com/DEFAULT_HOME_THEME.jpg',0),(39,6,'my','https://ssafybucket.s3.ap-northeast-2.amazonaws.com/DEFAULT_HOME_THEME.jpg',0),(40,6,'Bbbb','https://ssafybucket.s3.ap-northeast-2.amazonaws.com/DEFAULT_HOME_THEME.jpg',0),(41,6,'ee','https://ssafybucket.s3.ap-northeast-2.amazonaws.com/DEFAULT_HOME_THEME.jpg',0),(42,6,'J','https://ssafybucket.s3.ap-northeast-2.amazonaws.com/DEFAULT_HOME_THEME.jpg',0),(43,6,'dd','https://ssafybucket.s3.ap-northeast-2.amazonaws.com/DEFAULT_HOME_THEME.jpg',0),(44,6,'dd','https://ssafybucket.s3.ap-northeast-2.amazonaws.com/DEFAULT_HOME_THEME.jpg',0),(45,6,'nn','https://ssafybucket.s3.ap-northeast-2.amazonaws.com/DEFAULT_HOME_THEME.jpg',0),(46,6,'I','https://ssafybucket.s3.ap-northeast-2.amazonaws.com/DEFAULT_HOME_THEME.jpg',0),(47,6,'Kk','https://ssafybucket.s3.ap-northeast-2.amazonaws.com/DEFAULT_HOME_THEME.jpg',0),(48,6,'H','https://ssafybucket.s3.ap-northeast-2.amazonaws.com/DEFAULT_HOME_THEME.jpg',0),(49,6,'Jjll','https://ssafybucket.s3.ap-northeast-2.amazonaws.com/DEFAULT_HOME_THEME.jpg',0),(50,6,'G','https://ssafybucket.s3.ap-northeast-2.amazonaws.com/DEFAULT_HOME_THEME.jpg',0),(51,6,'qq','https://ssafybucket.s3.ap-northeast-2.amazonaws.com/DEFAULT_HOME_THEME.jpg',0),(52,6,'a','https://ssafybucket.s3.ap-northeast-2.amazonaws.com/DEFAULT_HOME_THEME.jpg',0),(53,6,'d','https://ssafybucket.s3.ap-northeast-2.amazonaws.com/DEFAULT_HOME_THEME.jpg',0),(54,6,'asd','https://ssafybucket.s3.ap-northeast-2.amazonaws.com/DEFAULT_HOME_THEME.jpg',0),(55,6,'O','https://ssafybucket.s3.ap-northeast-2.amazonaws.com/DEFAULT_HOME_THEME.jpg',0),(56,6,'naver','https://ssafybucket.s3.ap-northeast-2.amazonaws.com/DEFAULT_HOME_THEME.jpg',0),(57,6,'Oo','https://ssafybucket.s3.ap-northeast-2.amazonaws.com/DEFAULT_HOME_THEME.jpg',0),(58,6,'ee','https://ssafybucket.s3.ap-northeast-2.amazonaws.com/DEFAULT_HOME_THEME.jpg',0),(59,6,'Yyy','https://ssafybucket.s3.ap-northeast-2.amazonaws.com/DEFAULT_HOME_THEME.jpg',0),(60,2,'내방','https://ssafybucket.s3.ap-northeast-2.amazonaws.com/DEFAULT_HOME_THEME.jpg',0),(61,6,'Living','https://ssafybucket.s3.ap-northeast-2.amazonaws.com/DEFAULT_HOME_THEME.jpg',0),(62,6,'Nn','https://ssafybucket.s3.ap-northeast-2.amazonaws.com/DEFAULT_HOME_THEME.jpg',0),(63,6,'안녕','https://ssafybucket.s3.ap-northeast-2.amazonaws.com/DEFAULT_HOME_THEME.jpg',0),(64,1,'내방','https://ssafybucket.s3.ap-northeast-2.amazonaws.com/DEFAULT_HOME_THEME.jpg',0),(65,2,'rorom','https://ssafybucket.s3.ap-northeast-2.amazonaws.com/DEFAULT_HOME_THEME.jpg',0),(66,6,'거실','https://ssafybucket.s3.ap-northeast-2.amazonaws.com/DEFAULT_HOME_THEME.jpg',0),(67,6,'거실','https://ssafybucket.s3.ap-northeast-2.amazonaws.com/DEFAULT_HOME_THEME.jpg',0),(68,6,'거실1','https://ssafybucket.s3.ap-northeast-2.amazonaws.com/DEFAULT_HOME_THEME.jpg',0),(69,6,'메롱','https://ssafybucket.s3.ap-northeast-2.amazonaws.com/DEFAULT_HOME_THEME.jpg',0),(70,6,'메롱1','https://ssafybucket.s3.ap-northeast-2.amazonaws.com/DEFAULT_HOME_THEME.jpg',0),(71,6,'메롱12','https://ssafybucket.s3.ap-northeast-2.amazonaws.com/DEFAULT_HOME_THEME.jpg',0),(72,6,'메롱123','https://ssafybucket.s3.ap-northeast-2.amazonaws.com/DEFAULT_HOME_THEME.jpg',0),(73,6,'메롱1234','https://ssafybucket.s3.ap-northeast-2.amazonaws.com/DEFAULT_HOME_THEME.jpg',0),(74,6,'소','https://ssafybucket.s3.ap-northeast-2.amazonaws.com/DEFAULT_HOME_THEME.jpg',0),(75,6,'캬','https://ssafybucket.s3.ap-northeast-2.amazonaws.com/DEFAULT_HOME_THEME.jpg',0),(76,6,'거실2','https://ssafybucket.s3.ap-northeast-2.amazonaws.com/DEFAULT_HOME_THEME.jpg',0),(77,6,'거실3','https://ssafybucket.s3.ap-northeast-2.amazonaws.com/DEFAULT_HOME_THEME.jpg',0),(78,6,'거실4','https://ssafybucket.s3.ap-northeast-2.amazonaws.com/DEFAULT_HOME_THEME.jpg',0),(79,6,'거실5','https://ssafybucket.s3.ap-northeast-2.amazonaws.com/DEFAULT_HOME_THEME.jpg',0),(80,1,'ㅁㅁㅁㅁ','https://ssafybucket.s3.ap-northeast-2.amazonaws.com/DEFAULT_HOME_THEME.jpg',0),(81,1,'요요요요','https://ssafybucket.s3.ap-northeast-2.amazonaws.com/DEFAULT_HOME_THEME.jpg',0),(82,6,'히히','https://ssafybucket.s3.ap-northeast-2.amazonaws.com/DEFAULT_HOME_THEME.jpg',0),(83,6,'로로','https://ssafybucket.s3.ap-northeast-2.amazonaws.com/DEFAULT_HOME_THEME.jpg',0),(84,1,'hihi','https://ssafybucket.s3.ap-northeast-2.amazonaws.com/DEFAULT_HOME_THEME.jpg',0),(85,6,'Ff','https://ssafybucket.s3.ap-northeast-2.amazonaws.com/DEFAULT_HOME_THEME.jpg',0),(86,1,'aaaaa','https://ssafybucket.s3.ap-northeast-2.amazonaws.com/DEFAULT_HOME_THEME.jpg',0),(87,1,'aaa','https://ssafybucket.s3.ap-northeast-2.amazonaws.com/DEFAULT_HOME_THEME.jpg',0),(88,1,'머마머','https://ssafybucket.s3.ap-northeast-2.amazonaws.com/DEFAULT_HOME_THEME.jpg',0),(89,1,'ddddd','https://ssafybucket.s3.ap-northeast-2.amazonaws.com/DEFAULT_HOME_THEME.jpg',0),(90,1,'머마머ㅁㅇ','https://ssafybucket.s3.ap-northeast-2.amazonaws.com/DEFAULT_HOME_THEME.jpg',0),(91,1,'아이고','https://ssafybucket.s3.ap-northeast-2.amazonaws.com/DEFAULT_HOME_THEME.jpg',0),(92,1,'거실','https://ssafybucket.s3.ap-northeast-2.amazonaws.com/DEFAULT_HOME_THEME.jpg',0),(93,2,'홈홈마이홈','https://ssafybucket.s3.ap-northeast-2.amazonaws.com/DEFAULT_HOME_THEME.jpg',0),(94,6,'Ddddddd','https://ssafybucket.s3.ap-northeast-2.amazonaws.com/DEFAULT_HOME_THEME.jpg',0),(95,1,'방생성테스트','https://ssafybucket.s3.ap-northeast-2.amazonaws.com/DEFAULT_HOME_THEME.jpg',0),(96,1,'방생성테스트2222222222222','https://ssafybucket.s3.ap-northeast-2.amazonaws.com/DEFAULT_HOME_THEME.jpg',0),(97,1,'방 수정되니????','https://ssafybucket.s3.ap-northeast-2.amazonaws.com/DEFAULT_HOME_THEME.jpg',0),(98,1,'방생성테스트555555555555555555','https://ssafybucket.s3.ap-northeast-2.amazonaws.com/DEFAULT_HOME_THEME.jpg',0),(99,1,'거실101','https://naver.com',0),(100,1,'akkakdlkasd','https://ssafybucket.s3.ap-northeast-2.amazonaws.com/DEFAULT_HOME_THEME.jpg',0),(101,1,'zsdfasdfasd','https://ssafybucket.s3.ap-northeast-2.amazonaws.com/DEFAULT_HOME_THEME.jpg',0),(102,1,'aaaaa11111','https://ssafybucket.s3.ap-northeast-2.amazonaws.com/DEFAULT_HOME_THEME.jpg',0),(103,1,'aaaa222','https://ssafybucket.s3.ap-northeast-2.amazonaws.com/DEFAULT_HOME_THEME.jpg',0),(104,1,'ccccc','https://ssafybucket.s3.ap-northeast-2.amazonaws.com/DEFAULT_HOME_THEME.jpg',0),(105,1,'gff','https://ssafybucket.s3.ap-northeast-2.amazonaws.com/DEFAULT_HOME_THEME.jpg',0),(106,1,'zdzd','https://ssafybucket.s3.ap-northeast-2.amazonaws.com/DEFAULT_HOME_THEME.jpg',0),(107,1,'aa','https://ssafybucket.s3.ap-northeast-2.amazonaws.com/DEFAULT_HOME_THEME.jpg',0),(108,1,'gghfgffghfghf','https://ssafybucket.s3.ap-northeast-2.amazonaws.com/DEFAULT_HOME_THEME.jpg',0),(109,1,'kkkkkk','https://ssafybucket.s3.ap-northeast-2.amazonaws.com/DEFAULT_HOME_THEME.jpg',0),(110,1,'kkkkkkaaad','https://ssafybucket.s3.ap-northeast-2.amazonaws.com/DEFAULT_HOME_THEME.jpg',0),(111,1,'adgfd','https://ssafybucket.s3.ap-northeast-2.amazonaws.com/8.jpg',1),(112,7,'홈홈홈','https://ssafybucket.s3.ap-northeast-2.amazonaws.com/DEFAULT_HOME_THEME.jpg',1),(113,6,' 팡팡파라파라팡팡팡','https://ssafybucket.s3.ap-northeast-2.amazonaws.com/DEFAULT_HOME_THEME.jpg',0),(114,6,'거실','https://ssafybucket.s3.ap-northeast-2.amazonaws.com/DEFAULT_HOME_THEME.jpg',1),(115,6,'호호','https://ssafybucket.s3.ap-northeast-2.amazonaws.com/DEFAULT_HOME_THEME.jpg',0),(116,1,'aaaa','https://ssafybucket.s3.ap-northeast-2.amazonaws.com/9.jpg',0),(117,1,'','https://ssafybucket.s3.ap-northeast-2.amazonaws.com/DEFAULT_THEMA_IMAGE.jpg',0),(118,23,'Dd','https://ssafybucket.s3.ap-northeast-2.amazonaws.com/DEFAULT_HOME_THEME.jpg',1),(119,23,'J','https://ssafybucket.s3.ap-northeast-2.amazonaws.com/DEFAULT_HOME_THEME.jpg',1),(120,2,'거실','https://ssafybucket.s3.ap-northeast-2.amazonaws.com/9.jpg',0),(121,28,'거실','https://ssafybucket.s3.ap-northeast-2.amazonaws.com/DEFAULT_HOME_THEME.jpg',1),(122,6,'오눌','https://ssafybucket.s3.ap-northeast-2.amazonaws.com/14.jpg',1),(123,29,'거실','https://ssafybucket.s3.ap-northeast-2.amazonaws.com/DEFAULT_HOME_THEME.jpg',1),(124,2,'','https://ssafybucket.s3.ap-northeast-2.amazonaws.com/8.jpg',0),(125,2,'방','https://ssafybucket.s3.ap-northeast-2.amazonaws.com/DEFAULT_HOME_THEME.jpg',0),(126,2,'방방반','https://ssafybucket.s3.ap-northeast-2.amazonaws.com/13.jpg',0),(127,30,'Dkd','https://ssafybucket.s3.ap-northeast-2.amazonaws.com/DEFAULT_HOME_THEME.jpg',1),(128,2,'거실','https://ssafybucket.s3.ap-northeast-2.amazonaws.com/9.jpg',1),(129,2,'내방','https://ssafybucket.s3.ap-northeast-2.amazonaws.com/DEFAULT_HOME_THEME.jpg',1),(130,2,'안방','https://ssafybucket.s3.ap-northeast-2.amazonaws.com/8.jpg',1);
/*!40000 ALTER TABLE `room` ENABLE KEYS */;
UNLOCK TABLES;

--
-- Table structure for table `user`
--

DROP TABLE IF EXISTS `user`;
/*!40101 SET @saved_cs_client     = @@character_set_client */;
/*!40101 SET character_set_client = utf8 */;
CREATE TABLE `user` (
  `uid` bigint(20) NOT NULL AUTO_INCREMENT,
  `user_id` varchar(255) DEFAULT NULL,
  `nickname` varchar(50) DEFAULT NULL,
  `password` varchar(255) DEFAULT NULL,
  `profile` varchar(255) DEFAULT NULL,
  `provider` varchar(255) DEFAULT NULL,
  `theme` varchar(255) DEFAULT NULL,
  `flag` tinyint(4) DEFAULT 1,
  `home_nickname` varchar(50) DEFAULT 'HOME',
  `create_date` datetime DEFAULT NULL,
  PRIMARY KEY (`uid`)
) ENGINE=InnoDB AUTO_INCREMENT=31 DEFAULT CHARSET=utf8mb4;
/*!40101 SET character_set_client = @saved_cs_client */;

--
-- Dumping data for table `user`
--

LOCK TABLES `user` WRITE;
/*!40000 ALTER TABLE `user` DISABLE KEYS */;
INSERT INTO `user` VALUES (1,'cG7Ym43v0dPsiWhUpcbpte5fVdC3','바꿀닉네임',NULL,'https://ssafybucket.s3.ap-northeast-2.amazonaws.com/profile4c3f0a2d20210520173627.jpg','basic','https://ssafybucket.s3.ap-northeast-2.amazonaws.com/DEFAULT_HOME_THEME.jpg',1,'다솔 하우쓰',NULL),(2,'mQeyrQyVLCVgxzbscAhXKXosHqv1','바꿀닉네임',NULL,'https://ssafybucket.s3.ap-northeast-2.amazonaws.com/profile1f0f457e20210520104752.jpg','basic','https://ssafybucket.s3.ap-northeast-2.amazonaws.com/DEFAULT_HOME_THEME.jpg',1,'MY HOME',NULL),(3,'jrZj254SvWYtGvXnrRB65PNA6Zw2','',NULL,'https://ssafybucket.s3.ap-northeast-2.amazonaws.com/DEFAULT_PROFILE_IMG.png','basic','https://ssafybucket.s3.ap-northeast-2.amazonaws.com/DEFAULT_HOME_THEME.jpg',1,'바라바라바라방',NULL),(4,'mdWaCMaNjXS8EykKXbJJJSPy7EF3','',NULL,'https://ssafybucket.s3.ap-northeast-2.amazonaws.com/DEFAULT_PROFILE_IMG.png','basic','https://ssafybucket.s3.ap-northeast-2.amazonaws.com/DEFAULT_HOME_THEME.jpg',1,'HOME',NULL),(5,'WVPuJMPVq8U5sexrnCmQYy8XHMj2','',NULL,'https://ssafybucket.s3.ap-northeast-2.amazonaws.com/DEFAULT_PROFILE_IMG.png','basic','https://ssafybucket.s3.ap-northeast-2.amazonaws.com/DEFAULT_HOME_THEME.jpg',0,'HOME',NULL),(6,'Fzz4q4j8pfYvBbxE7Hy92rvIeK92','바꿀닉네임',NULL,'https://ssafybucket.s3.ap-northeast-2.amazonaws.com/profile477c8eb420210510045732.jpg','basic','https://ssafybucket.s3.ap-northeast-2.amazonaws.com/12.jpg',1,'히히',NULL),(7,'1h3D0f7Z4gM50bEsrNxousbcpw83','',NULL,'https://ssafybucket.s3.ap-northeast-2.amazonaws.com/DEFAULT_PROFILE_IMG.png','basic','https://ssafybucket.s3.ap-northeast-2.amazonaws.com/DEFAULT_HOME_THEME.jpg',1,'Home',NULL),(8,'TcZwE0n5JgMpPqcghnIGFiXx3ku1','',NULL,'https://ssafybucket.s3.ap-northeast-2.amazonaws.com/DEFAULT_PROFILE_IMG.png','basic','https://ssafybucket.s3.ap-northeast-2.amazonaws.com/DEFAULT_HOME_THEME.jpg',1,'HOME',NULL),(9,'daFdigyHPWZBQKvFQ8HclnuqZSA2','',NULL,'https://ssafybucket.s3.ap-northeast-2.amazonaws.com/DEFAULT_PROFILE_IMG.png','basic','https://ssafybucket.s3.ap-northeast-2.amazonaws.com/DEFAULT_HOME_THEME.jpg',1,'HOME',NULL),(10,'vajcxoZxTIaUAFdASBcZOZlb01h2','',NULL,'https://ssafybucket.s3.ap-northeast-2.amazonaws.com/DEFAULT_PROFILE_IMG.png','basic','https://ssafybucket.s3.ap-northeast-2.amazonaws.com/DEFAULT_HOME_THEME.jpg',0,'HOME','2021-05-13 10:45:08'),(11,'8C6uN6iwwvVFCqOzgrlyYFaPf1w2','',NULL,'https://ssafybucket.s3.ap-northeast-2.amazonaws.com/DEFAULT_PROFILE_IMG.png','basic','https://ssafybucket.s3.ap-northeast-2.amazonaws.com/DEFAULT_HOME_THEME.jpg',0,'HOME','2021-05-13 10:47:39'),(12,'GFkQp6GxOESKG7yfwxDaxuVrWoD2','',NULL,'https://ssafybucket.s3.ap-northeast-2.amazonaws.com/DEFAULT_PROFILE_IMG.png','basic','https://ssafybucket.s3.ap-northeast-2.amazonaws.com/DEFAULT_HOME_THEME.jpg',0,'HOME','2021-05-13 11:02:25'),(13,'LiXWp6zoJTfFmDaWRxbyONMP7A82','',NULL,'https://ssafybucket.s3.ap-northeast-2.amazonaws.com/DEFAULT_PROFILE_IMG.png','basic','https://ssafybucket.s3.ap-northeast-2.amazonaws.com/DEFAULT_HOME_THEME.jpg',1,'HOME','2021-05-13 11:03:00'),(14,'QMNiCmChFPbEDuKZm1n5DvlU8K43','',NULL,'https://ssafybucket.s3.ap-northeast-2.amazonaws.com/DEFAULT_PROFILE_IMG.png','basic','https://ssafybucket.s3.ap-northeast-2.amazonaws.com/DEFAULT_HOME_THEME.jpg',0,'HOME','2021-05-13 11:04:01'),(15,'j7K3eCLvkCO49GyKly7NUB2TOQc2','',NULL,'https://ssafybucket.s3.ap-northeast-2.amazonaws.com/DEFAULT_PROFILE_IMG.png','basic','https://ssafybucket.s3.ap-northeast-2.amazonaws.com/DEFAULT_HOME_THEME.jpg',0,'HOME','2021-05-13 11:06:12'),(16,'j7K3eCLvkCO49GyKly7NUB2TOQc2','',NULL,'https://ssafybucket.s3.ap-northeast-2.amazonaws.com/DEFAULT_PROFILE_IMG.png','basic','https://ssafybucket.s3.ap-northeast-2.amazonaws.com/DEFAULT_HOME_THEME.jpg',1,'HOME','2021-05-13 11:12:15'),(17,'6TdEeCCu62U0vgCOLWjtW7VH4Gm1','',NULL,'https://ssafybucket.s3.ap-northeast-2.amazonaws.com/DEFAULT_PROFILE_IMG.png','basic','https://ssafybucket.s3.ap-northeast-2.amazonaws.com/DEFAULT_HOME_THEME.jpg',0,'HOME','2021-05-13 11:13:21'),(18,'Zo3zpOsrFAPDZD5WPMqGQ6Zm3b63','',NULL,'https://ssafybucket.s3.ap-northeast-2.amazonaws.com/DEFAULT_PROFILE_IMG.png','basic','https://ssafybucket.s3.ap-northeast-2.amazonaws.com/DEFAULT_HOME_THEME.jpg',0,'HOME','2021-05-13 11:15:02'),(19,'PEanao8eN7YEHhMvhhNKSyYbj993','',NULL,'https://ssafybucket.s3.ap-northeast-2.amazonaws.com/DEFAULT_PROFILE_IMG.png','basic','https://ssafybucket.s3.ap-northeast-2.amazonaws.com/DEFAULT_HOME_THEME.jpg',0,'HOME','2021-05-13 11:16:03'),(20,'My7P7Yk84QgFI2d0KMwBq2XX1yv1','',NULL,'https://ssafybucket.s3.ap-northeast-2.amazonaws.com/DEFAULT_PROFILE_IMG.png','basic','https://ssafybucket.s3.ap-northeast-2.amazonaws.com/DEFAULT_HOME_THEME.jpg',0,'HOME','2021-05-13 11:17:33'),(21,'ZsuUsGBuyzLvJXL14Y6EVMNxSyo2','',NULL,'https://ssafybucket.s3.ap-northeast-2.amazonaws.com/DEFAULT_PROFILE_IMG.png','basic','https://ssafybucket.s3.ap-northeast-2.amazonaws.com/DEFAULT_HOME_THEME.jpg',1,'HOME','2021-05-15 17:31:23'),(22,'0gpzuHHUfBXWDZrVTbVqQox0qPt2','',NULL,'https://ssafybucket.s3.ap-northeast-2.amazonaws.com/DEFAULT_PROFILE_IMG.png','basic','https://ssafybucket.s3.ap-northeast-2.amazonaws.com/DEFAULT_HOME_THEME.jpg',1,'HOME','2021-05-15 21:18:31'),(23,'Tno7Hmk4okTTuIF3ERNhpVrr6Dn2','',NULL,'https://ssafybucket.s3.ap-northeast-2.amazonaws.com/DEFAULT_PROFILE_IMG.png','basic','https://ssafybucket.s3.ap-northeast-2.amazonaws.com/DEFAULT_HOME_THEME.jpg',1,'HOME','2021-05-17 15:38:56'),(24,'d1RgZHEcZ8TEudT2acosFeBV53E3','',NULL,'https://ssafybucket.s3.ap-northeast-2.amazonaws.com/DEFAULT_PROFILE_IMG.png','basic','https://ssafybucket.s3.ap-northeast-2.amazonaws.com/DEFAULT_HOME_THEME.jpg',1,'HOME','2021-05-19 16:05:48'),(25,'d1RgZHEcZ8TEudT2acosFeBV53E3','',NULL,'https://ssafybucket.s3.ap-northeast-2.amazonaws.com/DEFAULT_PROFILE_IMG.png','basic','https://ssafybucket.s3.ap-northeast-2.amazonaws.com/DEFAULT_HOME_THEME.jpg',1,'HOME','2021-05-19 16:05:48'),(26,'o7wii6aWbiX2cP7yQiSwxfB3WBJ2','',NULL,'https://ssafybucket.s3.ap-northeast-2.amazonaws.com/DEFAULT_PROFILE_IMG.png','basic','https://ssafybucket.s3.ap-northeast-2.amazonaws.com/DEFAULT_HOME_THEME.jpg',1,'HOME','2021-05-20 00:36:38'),(27,'o7wii6aWbiX2cP7yQiSwxfB3WBJ2','',NULL,'https://ssafybucket.s3.ap-northeast-2.amazonaws.com/DEFAULT_PROFILE_IMG.png','basic','https://ssafybucket.s3.ap-northeast-2.amazonaws.com/DEFAULT_HOME_THEME.jpg',1,'HOME','2021-05-20 00:36:38'),(28,'6LAoqoVhyxN9KKjPxKklmK8LcIW2','',NULL,'https://ssafybucket.s3.ap-northeast-2.amazonaws.com/DEFAULT_PROFILE_IMG.png','basic','https://ssafybucket.s3.ap-northeast-2.amazonaws.com/DEFAULT_HOME_THEME.jpg',1,'HOME','2021-05-20 00:38:11'),(29,'pFW1Jfv2NYYjJWJlwupgPiYtgFf2','',NULL,'https://ssafybucket.s3.ap-northeast-2.amazonaws.com/DEFAULT_PROFILE_IMG.png','basic','https://ssafybucket.s3.ap-northeast-2.amazonaws.com/DEFAULT_HOME_THEME.jpg',1,'거실','2021-05-20 00:44:32'),(30,'Bk1WxEJsscaON5dvAd2dhT0djtI3','',NULL,'https://ssafybucket.s3.ap-northeast-2.amazonaws.com/DEFAULT_PROFILE_IMG.png','basic','https://ssafybucket.s3.ap-northeast-2.amazonaws.com/DEFAULT_HOME_THEME.jpg',1,'HOME','2021-05-20 11:20:52');
/*!40000 ALTER TABLE `user` ENABLE KEYS */;
UNLOCK TABLES;

--
-- Table structure for table `water`
--

DROP TABLE IF EXISTS `water`;
/*!40101 SET @saved_cs_client     = @@character_set_client */;
/*!40101 SET character_set_client = utf8 */;
CREATE TABLE `water` (
  `id` bigint(20) NOT NULL AUTO_INCREMENT,
  `pid` bigint(20) NOT NULL,
  `water_date` datetime DEFAULT NULL,
  PRIMARY KEY (`id`),
  KEY `fk_Water_PlantCare1` (`pid`),
  CONSTRAINT `fk_Water_PlantCare1` FOREIGN KEY (`pid`) REFERENCES `plant_care` (`id`) ON DELETE NO ACTION ON UPDATE NO ACTION
) ENGINE=InnoDB AUTO_INCREMENT=20 DEFAULT CHARSET=utf8mb4;
/*!40101 SET character_set_client = @saved_cs_client */;

--
-- Dumping data for table `water`
--

LOCK TABLES `water` WRITE;
/*!40000 ALTER TABLE `water` DISABLE KEYS */;
INSERT INTO `water` VALUES (1,1,'2021-05-04 00:00:00'),(2,5,'2021-05-19 00:00:00'),(3,7,'2021-05-05 00:00:00'),(7,7,'2021-05-02 00:00:00'),(8,1,'2021-05-03 00:00:00'),(9,12,'2021-05-02 00:00:00'),(12,17,'2021-05-19 00:00:00'),(13,18,'2021-05-03 00:00:00'),(14,14,'2021-05-01 00:00:00'),(16,14,'2021-05-18 00:00:00'),(17,16,'2021-05-05 00:00:00'),(18,15,'2021-05-18 00:00:00'),(19,15,'2021-05-19 00:00:00');
/*!40000 ALTER TABLE `water` ENABLE KEYS */;
UNLOCK TABLES;
/*!40103 SET TIME_ZONE=@OLD_TIME_ZONE */;

/*!40101 SET SQL_MODE=@OLD_SQL_MODE */;
/*!40014 SET FOREIGN_KEY_CHECKS=@OLD_FOREIGN_KEY_CHECKS */;
/*!40014 SET UNIQUE_CHECKS=@OLD_UNIQUE_CHECKS */;
/*!40101 SET CHARACTER_SET_CLIENT=@OLD_CHARACTER_SET_CLIENT */;
/*!40101 SET CHARACTER_SET_RESULTS=@OLD_CHARACTER_SET_RESULTS */;
/*!40101 SET COLLATION_CONNECTION=@OLD_COLLATION_CONNECTION */;
/*!40111 SET SQL_NOTES=@OLD_SQL_NOTES */;

-- Dump completed on 2021-05-20 18:30:13
